id,abstract,authorships.author.display_name,authorships.author.id,authorships.author.orcid,authorships.countries,authorships.institutions.display_name,authorships.institutions.id,authorships.is_corresponding,best_oa_location.license,citation_normalized_percentile.value,cited_by_count,corresponding_institution_ids,display_name,doi,funders.display_name,fwci,ids.pmid,is_retracted,language,open_access.is_oa,open_access.oa_status,primary_location.source.display_name,primary_location.source.id,primary_location.source.issn_l,primary_location.source.type,primary_topic.display_name,publication_date,publication_year,type
https://openalex.org/W4313141308,"Smart agriculture benefits from unmanned aerial vehicles (UAV), and in-field sensors to collect data used to make responsible crop management decisions which sustainably increase yields. In addition, smart agriculture relies on machine learning algorithms, creative networking solutions, and edge and cloud computing resources to collect, transfer, and process agricultural data. UAV can carry a wide array of sensors, maneuver rapidly throughout the field, apply treatments for some crop health problems, and can be flown by software. UAV, however, have small batteries and limited carrying capacities which keep missions short. In this paper, we provide an overview of state-of-the-art UAV swarm technology for smart agriculture, and present experiences from real-world agricultural UAV swarm case studies. We describe how quick mapping of large areas such as crop fields necessitates multiple UAV missions, potentially using multiple UAV simultaneously as a swarm. We detail how swarms of UAV have added advantages over a single UAV deployment. They can coordinate to map areas in parallel, leverage multiple sensor types, target areas for close inspection, and diagnose and treat problems rapidly. UAV swarms come with additional implementation difficulties beyond single UAV. We list challenges to implementers in terms of Resource allocation, compute orchestration, multi-agent mission planning and swarm goal definition. We also describe recent advances in edge computing, machine learning, and autonomy in orchestration and resource management techniques for swarm deployments. Finally, we conclude with research opportunities that future work can address to improve swarm performance, scale, and adoption for smart agriculture.",Chengyi Qu|Jayson Boubin|Durbek Gafurov|Jianfeng Zhou|Noel Aloysius|Henry Nguyen|Prasad Calyam,https://openalex.org/A5023662385|https://openalex.org/A5009145336|https://openalex.org/A5055376497|https://openalex.org/A5021434500|https://openalex.org/A5003272576|https://openalex.org/A5102914545|https://openalex.org/A5072008189,https://orcid.org/0000-0002-7936-4813|https://orcid.org/0000-0002-4296-9624|||https://orcid.org/0000-0002-9094-427X|https://orcid.org/0000-0002-5912-3852|https://orcid.org/0000-0002-7666-5389,US|US|US|US|US|US|US,University of Missouri|Binghamton University|University of Missouri|University of Missouri|University of Missouri|University of Missouri|University of Missouri,https://openalex.org/I76835614|https://openalex.org/I123946342|https://openalex.org/I76835614|https://openalex.org/I76835614|https://openalex.org/I76835614|https://openalex.org/I76835614|https://openalex.org/I76835614,True|False|False|False|False|False|False,cc-by,0.99356637,44,https://openalex.org/I76835614,UAV Swarms in Smart Agriculture: Experiences and Opportunities,https://doi.org/10.1109/escience55777.2022.00029,National Science Foundation,23.6396,,False,en,True,green,,,,,UAV Applications and Optimization,2022-10-01,2022,article
https://openalex.org/W4404277097,"Weeds significantly threaten agricultural productivity by competing with crops for nutrients, particularly in organic farming, where chemical herbicides are prohibited. On Spain’s Mediterranean coast, organic citrus farms face increasing challenges from invasive species like Araujia sericifera and Cortaderia selloana , which further complicate cover crop management. This study introduces a swarm system of unmanned aerial vehicles (UAVs) equipped with neural networks based on YOLOv10 for the detection and geo-location of these invasive weeds. The system achieves F1-scores of 0.78 for Araujia sericifera and 0.80 for Cortaderia selloana . Using GPS and RTK, the UAVs generate KML files to guide diffuser drones for precise, localized treatments with organic products. By automating the detection, treatment, and elimination of invasive species, the system enhances both productivity and sustainability in organic farming. Additionally, the proposed solution addresses the high labor costs associated with manual weeding by reducing the need for human intervention. A comprehensive economic analysis indicates potential savings ranging from 1810 to 2650 € per hectare, depending on farm size. This innovative approach not only improves weed control efficiency but also promotes environmental sustainability, offering a scalable solution for organic and conventional agriculture alike. • AI-powered drones autonomously detect and treat invasive pests in organic orange groves. • YOLOv10 developed model detects Araujia sericifera (F1: 0.78) and Cortaderia selloana (F1: 0.80). • UAVs use GPS/RTK to create KML files, guiding drones for precise organic treatments. • Economic analysis shows savings of 1810–2650 € per hectare, depending on farm size.",Paula Catala-Roman|Jaume Segura-García|Esther Dura|Enrique A. Navarro|José M. Alcaraz Calero|Miguel García,https://openalex.org/A5093960852|https://openalex.org/A5025146281|https://openalex.org/A5103266934|https://openalex.org/A5083908151|https://openalex.org/A5049376858|https://openalex.org/A5048401655,https://orcid.org/0009-0006-4904-1315|https://orcid.org/0000-0002-9138-5465|https://orcid.org/0000-0002-2603-5549|https://orcid.org/0000-0001-8365-0233|https://orcid.org/0000-0002-2654-7595|https://orcid.org/0000-0003-2590-6370,ES|ES|ES|ES|GB|ES,Universitat de València|Universitat de València|Universitat de València|Universitat de València|University of the West of Scotland|Universitat de València,https://openalex.org/I16097986|https://openalex.org/I16097986|https://openalex.org/I16097986|https://openalex.org/I16097986|https://openalex.org/I868834043|https://openalex.org/I16097986,False|True|False|False|False|True,cc-by-nc-nd,0.98952162,23,https://openalex.org/I16097986,AI-based autonomous UAV swarm system for weed detection and treatment: Enhancing organic orange orchard efficiency with agriculture 5.0,https://doi.org/10.1016/j.iot.2024.101418,"UK Research and Innovation|Ministerio de Ciencia, Innovación y Universidades|European Commission|Generalitat Valenciana|HORIZON EUROPE Framework Programme|Engineering and Physical Sciences Research Council|European Regional Development Fund|Agencia Estatal de Investigación",13.9318,,False,en,True,hybrid,Internet of Things,https://openalex.org/S4210174276,2542-6605,journal,Smart Agriculture and AI,2024-11-12,2024,article
https://openalex.org/W4389777463,,Ioanna Karampelia|Thomas Kyriakidis|Malamati Louta,https://openalex.org/A5029119601|https://openalex.org/A5023157926|https://openalex.org/A5039269402,https://orcid.org/0009-0004-2559-5554|https://orcid.org/0000-0001-5664-2473|https://orcid.org/0009-0005-2283-7383,GR|GR|GR,University of Western Macedonia|University of Western Macedonia|University of Western Macedonia,https://openalex.org/I89506807|https://openalex.org/I89506807|https://openalex.org/I89506807,True|False|False,,0.92407307,8,https://openalex.org/I89506807,UAV swarms &amp; Task allocation: the way ahead in precision agriculture,https://doi.org/10.1109/iisa59645.2023.10345854,,3.5294,,False,en,False,closed,,,,,UAV Applications and Optimization,2023-07-10,2023,article
https://openalex.org/W4317926943,"Unmanned aerial vehicles (UAV) play a critical role in many edge computing deployments and applications. UAV are prized for their maneuverability, low cost, and sensing capacity, facilitating many applications that would otherwise be prohibitively expensive or dangerous without them. UAV are cheaper than alternative aerial analysis methods, but still incur costs from expensive human piloting and workloads which necessitate high-resolution coverage of large areas. Recently, autonomous UAV swarms have emerged to increase the speed of deployments, decrease the cost and scope of human piloting, and improve the quality of autonomous decision-making through data sharing. Autonomous UAV deployments, however, suffer from external factors. UAV are inherently power-constrained, with low onboard battery lives and limited ability to siphon power from the edge systems that support them. Certain environmental conditions, like inclement weather, wind, extreme heat, and low light also affect UAV power consumption, sensed data quality, and ultimately mission success. In this paper, we present an empirically based model for efficient autonomous swarm deployment. We built and deployed a real autonomous UAV swarm to map leaf defoliation in soybeans. Using this deployment, we determined environmental conditions which led to malfunctions, inefficient edge energy usage, and mispredictions. Using these findings, we developed a deployment model for UAV swarms that decreases malfunctions and data irregularities by 4.9X and decreases edge energy consumption by 45%, while increasing deployment times by only 4%.",Jayson Boubin|Zichen Zhang|John Chumley|Christopher Stewart,https://openalex.org/A5009145336|https://openalex.org/A5100739120|https://openalex.org/A5087155804|https://openalex.org/A5010966641,https://orcid.org/0000-0002-4296-9624|https://orcid.org/0000-0002-8919-6243||https://orcid.org/0000-0002-2860-7889,US|US|US|US,Binghamton University|The Ohio State University|The Ohio State University|The Ohio State University,https://openalex.org/I123946342|https://openalex.org/I52357470|https://openalex.org/I52357470|https://openalex.org/I52357470,True|False|False|False,,0.85916076,5,https://openalex.org/I123946342,Adaptive Deployment for Autonomous Agricultural UAV Swarms,https://doi.org/10.1145/3560905.3568414,National Science Foundation|Ohio Soybean Council,1.5398,,False,en,True,gold,,,,,UAV Applications and Optimization,2022-11-06,2022,article
https://openalex.org/W4286632871,,Nawar Mohammad|L.I. Voronova|V.I. Voronov,https://openalex.org/A5060219743|https://openalex.org/A5067250404|https://openalex.org/A5091772787,||,RU|RU|RU,Moscow Technical University of Communication and Informatics|Moscow Technical University of Communication and Informatics|Moscow Technical University of Communication and Informatics,https://openalex.org/I4210110898|https://openalex.org/I4210110898|https://openalex.org/I4210110898,True|False|False,,0.83447157,4,https://openalex.org/I4210110898,Development of a simulation model for using a swarm of UAVs in agriculture,https://doi.org/10.1117/12.2643249,,1.2315,,False,en,False,closed,,,,,UAV Applications and Optimization,2022-07-06,2022,article
https://openalex.org/W4409201442,"• Innovative model design: An enhanced SAO - CNN model integrating adaptive convolution, self - supervised learning, ConvLSTM, and bio - inspired algorithms is proposed. It improves recognition accuracy and robustness in complex agricultural settings. • Effective optimization strategies: Bio - inspired algorithms (e.g., genetic and particle swarm optimization) optimize UAV swarm intelligence, enhancing flight strategy, image acquisition, recognition efficiency, real - time performance, and coverage in large - scale farmland monitoring. • Temporal feature utilization: The ConvLSTM - based model combines constitutional layers and LSTM structure to extract temporal info from video frames, boosting recognition accuracy and timeliness in dynamic monitoring. • Superior experimental performance: The SAO - CNN model outperforms traditional and other deep learning models, achieving 91.2% classification accuracy, 0.89 recall, 0.88 F1 score, and 32 fps processing speed in agricultural pest image classification. The rapid advancement of agricultural modernization demands urgent solutions for accurate and real-time pest monitoring to enhance crop productivity. Traditional manual methods lack efficiency and fail to capture dynamic pest behaviors, while existing deep learning models struggle with robustness in complex environments. To address these challenges, this study proposes a novel Dynamic Agricultural Pest Classification System that integrates an enhanced Self-Activation Optimization Convolutional Neural Network (SAO-CNN) with bio-inspired swarm intelligence for UAVs. The SAO-CNN innovatively combines adaptive convolutional layers, self-supervised learning, and ConvLSTM to optimize spatial-temporal feature extraction, while swarm algorithms (ACO and PSO) enhance UAV path planning and task allocation. Key contributions include: (1) A hybrid SAO-CNN architecture that dynamically adjusts convolution kernels and leverages unlabeled data through self-supervised learning, improving adaptability to lighting and background variations. (2) A UAV swarm intelligence framework optimized via bio-inspired algorithms, reducing flight time by 29.2% and energy consumption by 32% compared to non-optimized systems. (3) Superior performance with 91.2% classification accuracy, 0.89 recall, and 32 FPS processing speed, outperforming state-of-the-art models (e.g., YOLO variants, ResNet, and ConvLSTM) in both static and dynamic scenarios. This work provides a robust solution for real-time pest monitoring, significantly advancing precision agriculture and sustainable crop management.",Shiwei Chu|Wenting Bao,https://openalex.org/A5086371554|https://openalex.org/A5048212629,https://orcid.org/0009-0008-9440-8248|https://orcid.org/0009-0006-5695-3187,CN|CN,Anhui University|Anhui University,https://openalex.org/I143868143|https://openalex.org/I143868143,False|True,cc-by-nc-nd,0.97387669,5,https://openalex.org/I143868143,Dynamic Agricultural Pest Classification Using Enhanced SAO-CNN and Swarm Intelligence Optimization for UAVs,https://doi.org/10.1016/j.ijcce.2025.04.002,,9.3561,,False,en,True,gold,International Journal of Cognitive Computing in Engineering,https://openalex.org/S4210212586,2666-3074,journal,Smart Agriculture and AI,2025-04-06,2025,article
https://openalex.org/W4401232353,"Smart agriculture, through precision farming, is revolutionizing traditional farming methods by optimizing resource use and enhancing yields. With the integration of technology, especially the advent of Unmanned Aerial Vehicles (UAVs) or drones, modern agriculture has attained new heights in efficient crop management, real-time data collection, and sustainable practices. UAVs play a pivotal role, offering aerial insights into crop health, soil conditions, and targeted resource application, promoting sustainable farming. However, navigating UAVs efficiently across dynamic agricultural terrains presents challenges, particularly in path planning. While traditional grid-based models have their merits, the complexities of modern farms demand more adaptive models. This work introduces a hierarchical path planning framework for UAVs, combining the “Enhanced Genetic Algorithm using Fuzzy Logic” for global planning and the “Improved D* Algorithm” for real-time local adjustments. This dual-layered approach ensures efficient, safe, and energy-conserving UAV trajectories, marking a significant advancement in UAV-based smart agriculture.",Roberto E. Roque -Claros|Deivi P. Flores-Llanos|Abel R. Maquera-Humpiri|Vijaya Krishna Sonthi|Sudhakar Sengan|Rajasekar Rangasamy,https://openalex.org/A5106116467|https://openalex.org/A5106167218|https://openalex.org/A5106116468|https://openalex.org/A5062122388|https://openalex.org/A5082920406|https://openalex.org/A5068314991,|||https://orcid.org/0000-0002-2635-4531|https://orcid.org/0000-0003-4901-1432|https://orcid.org/0000-0001-7965-256X,PE|PE|PE|IN|IN|IN,Universidad Nacional del Altiplano|Universidad Nacional del Altiplano|Universidad Nacional de Moquegua|Koneru Lakshmaiah Education Foundation|Tirunelveli Medical College|GITAM University,https://openalex.org/I4210136524|https://openalex.org/I4210136524|https://openalex.org/I4210165745|https://openalex.org/I875944469|https://openalex.org/I118826373|https://openalex.org/I885392262,True|False|False|False|False|False,,0.71712729,3,https://openalex.org/I4210136524,UAV Path Planning Model Leveraging Machine Learning and Swarm Intelligence for Smart Agriculture,https://doi.org/10.12694/scpe.v25i5.3131,,0.7609,,False,en,True,diamond,Scalable Computing Practice and Experience,https://openalex.org/S2764391171,1895-1767,journal,Robotic Path Planning Algorithms,2024-08-01,2024,article
https://openalex.org/W4416529056,,Adel Assiri|Fahad Kamal Alsheref|Mostafa Al Ghamdi|Mohamed M. Abbassy,https://openalex.org/A5024045810|https://openalex.org/A5000573922|https://openalex.org/A5038596206|https://openalex.org/A5005898170,https://orcid.org/0000-0002-3678-0956|https://orcid.org/0000-0001-5894-9583|https://orcid.org/0000-0002-2618-4077|https://orcid.org/0000-0003-2069-6773,SA|SA|SA|EG,King Khalid University|King Khalid University|Al Baha University|Beni-Suef University,https://openalex.org/I82952536|https://openalex.org/I82952536|https://openalex.org/I52207611|https://openalex.org/I113643904,False|False|False|True,,0.93817193,2,https://openalex.org/I113643904,MADRL-SI: a multi-agent deep reinforcement learning-based swarm intelligence approach for coordinating multiple UAVs in smart agriculture systems,https://doi.org/10.1007/s41870-025-02807-3,,3.8123,,False,en,False,closed,International Journal of Information Technology,https://openalex.org/S4210223273,2511-2104,journal,Smart Agriculture and AI,2025-11-22,2025,article
https://openalex.org/W4383345754,,Xinyu Liu|Guangquan Li|Haoyuan Yang|Nianru Zhang|Longfei Wang|Peng Shao,https://openalex.org/A5032571999|https://openalex.org/A5102994564|https://openalex.org/A5100573036|https://openalex.org/A5112954184|https://openalex.org/A5107143422|https://openalex.org/A5022190845,https://orcid.org/0000-0003-0530-3011|https://orcid.org/0000-0003-1050-634X|||https://orcid.org/0009-0002-9136-2797|https://orcid.org/0000-0002-6377-0585,CN|CN|CN|CN|CN|CN,Jiangxi Agricultural University|Jiangxi Agricultural University|Jiangxi Agricultural University|Jiangxi Agricultural University|Jiangxi Agricultural University|Jiangxi Agricultural University,https://openalex.org/I74837319|https://openalex.org/I74837319|https://openalex.org/I74837319|https://openalex.org/I74837319|https://openalex.org/I74837319|https://openalex.org/I74837319,False|False|False|False|False|True,,0.99319328,113,https://openalex.org/I74837319,Agricultural UAV trajectory planning by incorporating multi-mechanism improved grey wolf optimization algorithm,https://doi.org/10.1016/j.eswa.2023.120946,,13.8036,,False,en,False,closed,Expert Systems with Applications,https://openalex.org/S13144211,0957-4174,journal,Robotic Path Planning Algorithms,2023-07-06,2023,article
https://openalex.org/W4313291464,,Zunliang Wang|Haipeng Yao|Tianle Mai|Zehui Xiong|Xiaohua Wu|Di Wu|Song Guo,https://openalex.org/A5010845183|https://openalex.org/A5100666106|https://openalex.org/A5005621448|https://openalex.org/A5005327587|https://openalex.org/A5044923347|https://openalex.org/A5102021396|https://openalex.org/A5043464306,https://orcid.org/0000-0002-2147-8850|https://orcid.org/0000-0003-1391-7363|https://orcid.org/0000-0002-8500-1461|https://orcid.org/0000-0002-4440-941X|https://orcid.org/0009-0001-9619-481X|https://orcid.org/0009-0008-6239-6019|https://orcid.org/0000-0001-9831-2202,CN|CN|CN|SG||CN|HK,Beijing University of Posts and Telecommunications|Beijing University of Posts and Telecommunications|Beijing University of Posts and Telecommunications|Singapore University of Technology and Design||Beijing University of Posts and Telecommunications|Hong Kong Polytechnic University,https://openalex.org/I139759216|https://openalex.org/I139759216|https://openalex.org/I139759216|https://openalex.org/I152815399||https://openalex.org/I139759216|https://openalex.org/I14243506,True|False|False|False|False|False|False,,0.99745826,70,https://openalex.org/I139759216,Learning to Routing in UAV Swarm Network: A Multi-Agent Reinforcement Learning Approach,https://doi.org/10.1109/tvt.2022.3232815,,37.8595,,False,en,False,closed,IEEE Transactions on Vehicular Technology,https://openalex.org/S10936095,0018-9545,journal,UAV Applications and Optimization,2022-12-29,2022,article
https://openalex.org/W4387140008,"Unmanned farms employ a variety of sensors, automated systems, and data analysis techniques to enable fully automated and intelligent management. This not only heightens agricultural production efficiency but also reduces the costs associated with human resources. As integral components of unmanned farms’ automation systems, agricultural UAVs have been widely adopted across various operational stages due to their precision, high efficiency, environmental sustainability, and simplicity of operation. However, present-day technological advancement levels and relevant policy regulations pose significant restrictions on UAVs in terms of payload and endurance, leading to diminished task efficiency when a single UAV is deployed over large areas. Accordingly, this paper aggregates and analyzes research pertaining to UAV swarms from databases such as Google Scholar, ScienceDirect, Scopus, IEEE Xplorer, and Wiley over the past decade. An initial overview presents the current control methods for UAV swarms, incorporating a summary and analysis of the features, merits, and drawbacks of diverse control techniques. Subsequently, drawing from the four main stages of agricultural production (cultivation, planting, management, and harvesting), we evaluate the application of UAV swarms in each stage and provide an overview of the most advanced UAV swarm technologies utilized therein. Finally, we scrutinize and analyze the challenges and concerns associated with UAV swarm applications on unmanned farms and provide forward-looking insights into the future developmental trajectory of UAV swarm technology in unmanned farming, with the objective of bolstering swarm performance, scalability, and adoption rates in such settings.",Rui Ming|Rui Jiang|Haibo Luo|Taotao Lai|Ente Guo|Zhiyan Zhou,https://openalex.org/A5018700814|https://openalex.org/A5100623019|https://openalex.org/A5101782388|https://openalex.org/A5009332664|https://openalex.org/A5009300680|https://openalex.org/A5077715881,https://orcid.org/0000-0001-7442-7988|https://orcid.org/0009-0005-9856-4609|https://orcid.org/0000-0001-6859-3066|https://orcid.org/0000-0001-9078-773X|https://orcid.org/0000-0002-6772-3954|https://orcid.org/0000-0002-6273-9615,CN|CN|CN|CN|CN|CN,Minjiang University|South China Agricultural University|Minjiang University|Minjiang University|Minjiang University|South China Agricultural University,https://openalex.org/I354108|https://openalex.org/I101479585|https://openalex.org/I354108|https://openalex.org/I354108|https://openalex.org/I354108|https://openalex.org/I101479585,False|False|False|False|False|True,cc-by,0.99751451,49,https://openalex.org/I101479585,Comparative Analysis of Different UAV Swarm Control Methods on Unmanned Farms,https://doi.org/10.3390/agronomy13102499,National Natural Science Foundation of China,37.3557,,False,en,True,gold,Agronomy,https://openalex.org/S2738977497,2073-4395,journal,UAV Applications and Optimization,2023-09-28,2023,article
https://openalex.org/W4205268283,,Savvas Apostolidis|Pavlos Ch. Kapoutsis|Athanasios Ch. Kapoutsis|Elias B. Kosmatopoulos,https://openalex.org/A5046510352|https://openalex.org/A5048945988|https://openalex.org/A5046634751|https://openalex.org/A5071596476,https://orcid.org/0000-0003-1645-443X||https://orcid.org/0000-0002-1688-036X|https://orcid.org/0000-0002-3735-4238,GR|GR|GR|GR,Democritus University of Thrace|Information Technologies Institute|Centre for Research and Technology Hellas|National Technical University of Athens|Information Technologies Institute|Centre for Research and Technology Hellas|Democritus University of Thrace|Information Technologies Institute|Centre for Research and Technology Hellas,https://openalex.org/I147962203|https://openalex.org/I4210093649|https://openalex.org/I4210134249|https://openalex.org/I174458059|https://openalex.org/I4210093649|https://openalex.org/I4210134249|https://openalex.org/I147962203|https://openalex.org/I4210093649|https://openalex.org/I4210134249,True|False|False|False,,0.97686526,68,https://openalex.org/I147962203|https://openalex.org/I4210093649|https://openalex.org/I4210134249,Cooperative multi-UAV coverage mission planning platform for remote sensing applications,https://doi.org/10.1007/s10514-021-10028-3,Horizon 2020 Framework Programme,6.5206,,False,en,True,green,Autonomous Robots,https://openalex.org/S144091109,0929-5593,journal,Robotic Path Planning Algorithms,2022-01-15,2022,article
https://openalex.org/W4311001965,"The early detection and prevention of plant diseases that are an important cause of famine and food insecurity worldwide are very important for increasing agricultural product productivity. Not only the early detection of the plant disease but also the determination of its type play a critical role in determining the appropriate treatment. The fact that visual inspection, which is frequently used in determining plant disease and types, is tiring and prone to human error, necessitated the development of algorithms that can automatically classify plant disease with high accuracy and low computational cost. In this study, a new hybrid plant leaf disease classification model with high accuracy and low computational complexity, consisting of the wrapper approach, including the flower pollination algorithm (FPA) and support vector machine (SVM), and a convolutional neural network (CNN) classifier, is developed with a wrapper-based feature selection approach using metaheuristic optimization techniques. The features of the image dataset consisting of apple, grape, and tomato plants have been extracted by a two-dimensional discrete wavelet transform (2D-DWT) using wavelet families such as biorthogonal, Coiflets, Daubechies, Fejer-Korovkin, and symlets. Features that keep classifier performance high for each family are selected by the wrapper approach, consisting of the population-based metaheuristics FPA and SVM. The performance of the proposed optimization algorithm is compared with the particle swarm optimization (PSO) algorithm. Afterwards, the classification performance is obtained by using the lowest number of features that can keep the classification performance high for the CNN classifier. The CNN classifier with a single layer of classification without a feature extraction layer is used to minimize the complexity of the model and to deal with the model hyperparameter problem. The obtained model is embedded in the NVIDIA Jetson Nano developer kit on the unmanned aerial vehicle (UAV), and real-time classification tests are performed on apple, grape, and tomato plants. The experimental results obtained show that the proposed model classifies the specified plant leaf diseases in real time with high accuracy. Moreover, it is concluded that the robust hybrid classification model, which is created by selecting the lowest number of features with the optimization algorithm with low computational complexity, can classify plant leaf diseases in real time with precision.",İlayda Yağ|Aytaç Altan,https://openalex.org/A5003260461|https://openalex.org/A5004941306,|https://orcid.org/0000-0001-7923-4528,TR|TR,Bülent Ecevit University|Bülent Ecevit University,https://openalex.org/I3017902709|https://openalex.org/I3017902709,False|True,cc-by,0.99952554,269,https://openalex.org/I3017902709,Artificial Intelligence-Based Robust Hybrid Algorithm Design and Implementation for Real-Time Detection of Plant Diseases in Agricultural Environments,https://doi.org/10.3390/biology11121732,,53.8434,https://pubmed.ncbi.nlm.nih.gov/36552243,False,en,True,gold,Biology,https://openalex.org/S153489431,2079-7737,journal,Smart Agriculture and AI,2022-11-29,2022,article
https://openalex.org/W4365453031,"Uncrewed aerial vehicles (UAVs), also known as drones, are ubiquitous and their use cases extend today from governmental applications to civil applications such as the agricultural, medical, and transport sectors, etc. In accordance with the requirements in terms of demand, it is possible to carry out various missions involving several types of UAVs as well as various onboard sensors. According to the complexity of the mission, some configurations are required both in terms of hardware and software. This task becomes even more complex when the system is composed of autonomous UAVs that collaborate with each other without the assistance of an operator. Several factors must be considered, such as the complexity of the mission, the types of UAVs, the communication architecture, the routing protocol, the coordination of tasks, and many other factors related to the environment. Unfortunately, although there are many research works that address the use cases of multi-UAV systems, there is a gap in the literature regarding the difficulties involved with the implementation of these systems from scratch. This review article seeks to examine and understand the communication issues related to the implementation from scratch of autonomous multi-UAV systems for collaborative decisions. The manuscript will also provide a formal definition of the ecosystem of a multi-UAV system, as well as a comparative study of UAV types and related works that highlight the use cases of multi-UAV systems. In addition to the mathematical modeling of the collaborative target detection problem in distributed environments, this article establishes a comparative study of communication architectures and routing protocols in a UAV network. After reading this review paper, readers will benefit from the multicriteria decision-making roadmaps to choose the right architectures and routing protocols adapted for specific missions. The open challenges and future directions described in this manuscript can be used to understand the current limitations and how to overcome them to effectively exploit autonomous swarms in future trends.",Wilfried Yves Hamilton Adoni|Sandra Lorenz|Junaidh Shaik Fareedh|Richard Gloaguen|Michael Bußmann,https://openalex.org/A5020376999|https://openalex.org/A5012290972|https://openalex.org/A5040294705|https://openalex.org/A5067490750|https://openalex.org/A5025005466,https://orcid.org/0000-0002-1445-8018|https://orcid.org/0000-0001-8464-2331||https://orcid.org/0000-0002-4383-473X|https://orcid.org/0000-0002-8258-3881,DE|DE|DE|DE|DE,Helmholtz-Zentrum Dresden-Rossendorf|Center for Advanced Systems Understanding|Helmholtz Institute Freiberg for Resource Technology|Helmholtz-Zentrum Dresden-Rossendorf|Helmholtz Institute Freiberg for Resource Technology|Helmholtz-Zentrum Dresden-Rossendorf|Helmholtz Institute Freiberg for Resource Technology|Helmholtz-Zentrum Dresden-Rossendorf|Helmholtz Institute Freiberg for Resource Technology|Helmholtz-Zentrum Dresden-Rossendorf|Center for Advanced Systems Understanding,https://openalex.org/I2801798921|https://openalex.org/I4210133756|https://openalex.org/I4210148560|https://openalex.org/I2801798921|https://openalex.org/I4210148560|https://openalex.org/I2801798921|https://openalex.org/I4210148560|https://openalex.org/I2801798921|https://openalex.org/I4210148560|https://openalex.org/I2801798921|https://openalex.org/I4210133756,True|False|False|False|False,cc-by,0.99816055,57,https://openalex.org/I2801798921|https://openalex.org/I4210133756|https://openalex.org/I4210148560,Investigation of Autonomous Multi-UAV Systems for Target Detection in Distributed Environment: Current Developments and Open Challenges,https://doi.org/10.3390/drones7040263,,42.9739,,False,en,True,gold,Drones,https://openalex.org/S4210193350,2504-446X,journal,UAV Applications and Optimization,2023-04-12,2023,article
https://openalex.org/W4317746714,"Micro-unmanned aerial vehicles (UAVs), also known as drones, have been recognized as an emerging technology offering a plethora of applications touching various aspects of our lives, such as surveillance, agriculture, entertainment, and intelligent transportation systems (ITS). Furthermore, due to their low cost and ability to be fitted with transmitters, cameras, and other on-board sensors, UAVs can be seen as potential flying Internet-of-things (IoT) devices interconnecting with their environment and allowing for more mobile flexibility in the network. This paper overviews the beneficial applications that UAVs can offer to smart cities, and particularly to ITS, while highlighting the main challenges that can be encountered. Afterward, it proposes several potential solutions to organize the operation of UAV swarms, while addressing one of their main issues: their battery-limited capacity. Finally, open research areas that should be undertaken to strengthen the case for UAVs to become part of the smart infrastructure for futuristic cities are discussed.",Michael C. Lucic|Omar Bouhamed|Hakim Ghazzai|Abdullah Khanfor|Yehia Massoud,https://openalex.org/A5020524421|https://openalex.org/A5074465652|https://openalex.org/A5021394822|https://openalex.org/A5000472316|https://openalex.org/A5057380866,https://orcid.org/0000-0003-4355-5770|https://orcid.org/0000-0002-6595-5663|https://orcid.org/0000-0002-8636-4264|https://orcid.org/0000-0001-8592-5309|https://orcid.org/0000-0002-6701-0639,US|CA|SA|SA|SA,Stevens Institute of Technology|Concordia University|King Abdullah University of Science and Technology|Najran University|King Abdullah University of Science and Technology,https://openalex.org/I108468826|https://openalex.org/I60158472|https://openalex.org/I71920554|https://openalex.org/I47164929|https://openalex.org/I71920554,False|False|True|False|False,cc-by,0.99570201,38,https://openalex.org/I71920554,Leveraging UAVs to Enable Dynamic and Smart Aerial Infrastructure for ITS and Smart Cities: An Overview,https://doi.org/10.3390/drones7020079,Najran University,29.0838,,False,en,True,gold,Drones,https://openalex.org/S4210193350,2504-446X,journal,UAV Applications and Optimization,2023-01-23,2023,article
https://openalex.org/W4403990623,"• UAV networks face endurance and regulatory challenges, addressed by machine learning, game theory AI, and blockchain. • UAVs excel in disaster response, agriculture, and security due to mobility and rapid deployment. • Antenna enhancements and reinforcement learning boost UAV network performance. • Focus on energy-efficient designs, swarm intelligence, and regulatory cooperation for UAVs. This scholarly paper provides a comprehensive examination of UAV-based communication networks, focusing on challenges, innovations, and future directions. Drawing from a synthesis of eighty research articles published in top-tier IEEE journals from 2014 to 2024, the study elaborates on the specific challenges and limitations associated with UAV-based communication networks mentioned in the literature. The methodology involves a systematic literature review, thematic analysis, and synthesis of key findings. The review analysis highlights significant challenges, including limited endurance, spectrum allocation, regulatory constraints, and integration issues. Moreover, it underscores the effectiveness of UAV-based communication networks in disaster response, agriculture, surveillance, and security through real-world case studies. Additionally, the paper explores the potential of machine learning techniques and game theory in optimizing user connectivity and enhancing network performance. The implications of this research are profound, suggesting the need for continued research and innovation to address current challenges, enhance network performance, and explore new applications. Interdisciplinary collaboration, regulatory cooperation, and technological advancements are vital for realizing the full potential of UAV-based communication networks and shaping the future of connectivity. This scholarly analysis contributes to the academic discourse on UAV-based communication networks, guiding researchers, industry stakeholders, and policymakers in navigating the complex landscape and fostering innovation in this transformative field.",Fayu Wan|Muhammad Yaseen|Muhammad Bilal Riaz|Anum Shafiq|Aayushi Thakur|M. Rahman,https://openalex.org/A5113313217|https://openalex.org/A5016189883|https://openalex.org/A5101961190|https://openalex.org/A5070937697|https://openalex.org/A5021415581|https://openalex.org/A5067593335,|https://orcid.org/0000-0002-2128-6680|https://orcid.org/0000-0001-5153-297X|https://orcid.org/0000-0001-7186-7216|https://orcid.org/0000-0002-1638-7997|https://orcid.org/0009-0003-7241-5723,CN|CN|CZ|LB|CN|CZ||CN,Nanjing University of Information Science and Technology|Nanjing University of Information Science and Technology|VSB - Technical University of Ostrava|Lebanese American University|Nanjing University of Information Science and Technology|VSB - Technical University of Ostrava||Nanjing University of Information Science and Technology,https://openalex.org/I200845125|https://openalex.org/I200845125|https://openalex.org/I142208455|https://openalex.org/I56306041|https://openalex.org/I200845125|https://openalex.org/I142208455||https://openalex.org/I200845125,False|True|False|True|False|False,cc-by-nc-nd,0.9975949,30,https://openalex.org/I142208455|https://openalex.org/I200845125,Advancements and challenges in UAV-based communication networks: A comprehensive scholarly analysis,https://doi.org/10.1016/j.rineng.2024.103271,,39.5646,,False,en,True,gold,Results in Engineering,https://openalex.org/S4210226253,2590-1230,journal,UAV Applications and Optimization,2024-11-01,2024,article
https://openalex.org/W3156544154,,Jamie Wubben|Francisco Fabra|Carlos T. Calafate|Juan‐Carlos Cano|Pietro Manzoni,https://openalex.org/A5036424804|https://openalex.org/A5019595296|https://openalex.org/A5066242048|https://openalex.org/A5086152745|https://openalex.org/A5043546527,https://orcid.org/0000-0001-8121-995X|https://orcid.org/0000-0002-0553-5026|https://orcid.org/0000-0001-5729-3041|https://orcid.org/0000-0002-0038-0539|https://orcid.org/0000-0003-3753-0403,ES|ES|ES|ES|ES,Universitat Politècnica de València|Universitat Politècnica de València|Universitat Politècnica de València|Universitat Politècnica de València|Universitat Politècnica de València,https://openalex.org/I60053951|https://openalex.org/I60053951|https://openalex.org/I60053951|https://openalex.org/I60053951|https://openalex.org/I60053951,True|False|False|False|False,,0.9785318,19,https://openalex.org/I60053951,A novel resilient and reconfigurable swarm management scheme,https://doi.org/10.1016/j.comnet.2021.108119,"Ministerio de Ciencia, Innovación y Universidades",12.4234,,False,en,True,bronze,Computer Networks,https://openalex.org/S63392143,1389-1286,journal,UAV Applications and Optimization,2021-04-21,2021,article
https://openalex.org/W4406235817,"Unmanned Aerial Vehicles (UAVs) are powerful tools with vast potential, yet they face significant challenges. One of the primary issues is flight endurance, limited by current battery technology. Researchers are exploring alternative power sources, including hybrid systems and internal combustion engines, and considering docking stations for battery exchange or recharging. Beyond endurance, UAVs must address safety, efficient path planning, payload capacity balancing, and flight autonomy. The complexity increases when considering swarming behaviour, collision avoidance, and communication protocols. Despite these challenges, research continues to unlock UAVs’ potential, with path planning optimization significantly advanced by meta-heuristic algorithms like the Cuckoo Optimization Algorithm (COA). Whereas, meta-heuristic algorithms can be defined as system-level strategies that are used to seek suboptimal solutions to optimization problems. It uses heuristic approaches together with the exploration/exploitation scheme in order to effectively employ within large solution spaces. However, dynamic environments still present difficulties. UAVs have evolved beyond recreational use, becoming essential in industries like agriculture, delivery services, surveillance, and disaster relief. By resolving issues related to autonomy, battery longevity, and security, the benefits of UAV technology can be fully optimized. This systematic review emphasizes the importance of continuous innovation in UAV research to overcome these challenges.",Noorulden Basil|Bayan Mahdi Sabbar|Hamzah M. Marhoon|Abdullah Fadhil Mohammed|Alfian Ma’arif,https://openalex.org/A5088392884|https://openalex.org/A5115831418|https://openalex.org/A5088564915|https://openalex.org/A5109786433|https://openalex.org/A5083183052,https://orcid.org/0000-0003-0847-2611||https://orcid.org/0000-0001-5613-6685||https://orcid.org/0000-0002-3482-971X,IQ|IR|IQ|IQ|ID,Mustansiriyah University|Al-Mustafa International University|Nahrain University|Mustansiriyah University|Universitas Ahmad Dahlan,https://openalex.org/I15873915|https://openalex.org/I2800359231|https://openalex.org/I56409017|https://openalex.org/I15873915|https://openalex.org/I2608206482,True|False|False|False|False,cc-by-sa,0.9828193,31,https://openalex.org/I15873915,"Systematic Review of Unmanned Aerial Vehicles Control: Challenges, Solutions, and Meta-Heuristic Optimization",https://doi.org/10.31763/ijrcs.v4i4.1596,,7.857,,False,en,True,diamond,International Journal of Robotics and Control Systems,https://openalex.org/S4210227436,2775-2658,journal,Robotic Path Planning Algorithms,2024-10-17,2024,article
https://openalex.org/W4386505757,,Li Tan|Hongtao Zhang|Jiaqi Shi|Yuzhao Liu|Tianli Yuan,https://openalex.org/A5065822896|https://openalex.org/A5101539627|https://openalex.org/A5101954481|https://openalex.org/A5102874443|https://openalex.org/A5114080463,https://orcid.org/0000-0002-2786-5958|https://orcid.org/0000-0001-9218-2232|https://orcid.org/0009-0003-1186-4015|https://orcid.org/0009-0005-9753-8708|,CN|CN|CN|CN|CN,Beijing Technology and Business University|Institute of Microelectronics|Beijing Technology and Business University|Beijing Technology and Business University|Beijing Technology and Business University|Beijing Technology and Business University,https://openalex.org/I179026463|https://openalex.org/I4210119392|https://openalex.org/I179026463|https://openalex.org/I179026463|https://openalex.org/I179026463|https://openalex.org/I179026463,True|False|False|False|False,,0.93920985,27,https://openalex.org/I179026463|https://openalex.org/I4210119392,A robust multiple Unmanned Aerial Vehicles 3D path planning strategy via improved particle swarm optimization,https://doi.org/10.1016/j.compeleceng.2023.108947,Natural Science Foundation of Chongqing,3.2982,,False,en,False,closed,Computers & Electrical Engineering,https://openalex.org/S121340289,0045-7906,journal,Robotic Path Planning Algorithms,2023-09-07,2023,article
https://openalex.org/W4362504006,,İslam Güven|Mehmet Parlak,https://openalex.org/A5017713206|https://openalex.org/A5081295486,https://orcid.org/0009-0000-5212-8311|https://orcid.org/0000-0003-0276-9289,TR|TR,Özyeğin University|Özyeğin University,https://openalex.org/I44925452|https://openalex.org/I44925452,True|False,,0.96253537,12,https://openalex.org/I44925452,"Blockchain, AI and IoT Empowered Swarm Drones for Precision Agriculture Applications",https://doi.org/10.1109/igetblockchain56591.2022.10087152,,6.8908,,False,en,False,closed,,,,,UAV Applications and Optimization,2022-11-07,2022,article
https://openalex.org/W4387520798,,Donglin Zhu|Siwei Wang|Jiaying Shen|Changjun Zhou|Taiyong Li|Shaoqiang Yan,https://openalex.org/A5021775532|https://openalex.org/A5100656645|https://openalex.org/A5100928316|https://openalex.org/A5074618508|https://openalex.org/A5045521450|https://openalex.org/A5084562460,https://orcid.org/0000-0001-9868-8103|https://orcid.org/0000-0001-9517-262X|https://orcid.org/0009-0005-8418-2431|https://orcid.org/0000-0002-6787-5325|https://orcid.org/0000-0002-1546-8015|https://orcid.org/0000-0002-4076-4641,CN|CN|CN|CN|CN|CN,Zhejiang Normal University|Zhejiang Normal University|Zhejiang Normal University|Zhejiang Normal University|Southwestern University of Finance and Economics|PLA Rocket Force University of Engineering,https://openalex.org/I135237710|https://openalex.org/I135237710|https://openalex.org/I135237710|https://openalex.org/I135237710|https://openalex.org/I204831749|https://openalex.org/I2801618472,False|False|False|True|False|False,,0.94195344,28,https://openalex.org/I135237710,A multi-strategy particle swarm algorithm with exponential noise and fitness-distance balance method for low-altitude penetration in secure space,https://doi.org/10.1016/j.jocs.2023.102149,National Natural Science Foundation of China|Basic Public Welfare Research Program of Zhejiang Province,3.4204,,False,en,False,closed,Journal of Computational Science,https://openalex.org/S192071280,1877-7503,journal,Robotic Path Planning Algorithms,2023-10-11,2023,article
https://openalex.org/W4318777538,"Autonomous unmanned aerial vehicles (UAVs) have attracted increasing academic and industrial attention during the last decade. Using drones have broad benefits in diverse areas, such as civil and military applications, aerial photography and videography, mapping and surveying, agriculture, and disaster management. However, the recent development and innovation in the field of drone (UAV) technology have led to malicious usage of the technology, including the penetration of secure areas (such as airports) and serving terrorist attacks. Autonomous weapon systems might use drone swarms to perform more complex military tasks. Utilizing a large number of drones, simultaneously increases the risk and the reliability of the mission in terms of redundancy, survivability, scalability, and the quality of autonomous performance in a complex environment. This research suggests a new approach for drone swarm characterization and detection using RF signals analysis and various machine learning methods. While most of the existing drone detection and classification methods are typically related to a single drone classification, using supervised approaches, this research work proposes an unsupervised approach for drone swarm characterization. The proposed method utilizes the different radio frequency (RF) signatures of the drone's transmitters. Various kinds of frequency transform, such as the continuous, discrete, and wavelet scattering transform, have been applied to extract RF features from the radio frequency fingerprint, which have then been used as input for the unsupervised classifier. To reduce the input data dimension, we suggest using unsupervised approaches such as Principal component analysis (PCA), independent component analysis (ICA), uniform manifold approximation and projection (UMAP), and the t-distributed symmetric neighbor embedding (t-SNE) algorithms. The proposed clustering approach is based on common unsupervised methods, including K-means, mean shift, and X-means algorithms. The proposed approach has been evaluated using self-built and common drone swarm datasets. The results demonstrate a classification accuracy of about 95% under additive Gaussian white noise with different levels of SNR.",Nerya Ashush|Shlomo Greenberg|Erez Manor|Yehuda Ben‐Shimol,https://openalex.org/A5040688418|https://openalex.org/A5072766500|https://openalex.org/A5064507594|https://openalex.org/A5016591905,https://orcid.org/0000-0002-1844-2523|https://orcid.org/0000-0002-1385-8394|https://orcid.org/0000-0002-2708-5628|https://orcid.org/0000-0002-4905-2085,IL|IL|IL|IL,Ben-Gurion University of the Negev|Ben-Gurion University of the Negev|Sami Shamoon College of Engineering|Ben-Gurion University of the Negev|Sami Shamoon College of Engineering|Ben-Gurion University of the Negev,https://openalex.org/I124227911|https://openalex.org/I124227911|https://openalex.org/I3129975082|https://openalex.org/I124227911|https://openalex.org/I3129975082|https://openalex.org/I124227911,False|True|False|False,cc-by,0.99216843,28,https://openalex.org/I124227911|https://openalex.org/I3129975082,Unsupervised Drones Swarm Characterization Using RF Signals Analysis and Machine Learning Methods,https://doi.org/10.3390/s23031589,,21.4302,https://pubmed.ncbi.nlm.nih.gov/36772629,False,en,True,gold,Sensors,https://openalex.org/S101949793,1424-8220,journal,UAV Applications and Optimization,2023-02-01,2023,article
https://openalex.org/W4313524905,,Jayson Boubin|Codi Burley|Peida Han|Bowen Li|B. Porter|Christopher Stewart,https://openalex.org/A5009145336|https://openalex.org/A5023775565|https://openalex.org/A5069360715|https://openalex.org/A5100387276|https://openalex.org/A5079160321|https://openalex.org/A5010966641,https://orcid.org/0000-0002-4296-9624|https://orcid.org/0000-0002-4023-2557||https://orcid.org/0000-0002-4199-7164|https://orcid.org/0000-0001-8376-736X|https://orcid.org/0000-0002-2860-7889,US|US|US|US|GB|US,Binghamton University|The Ohio State University|The Ohio State University|The Ohio State University|Lancaster University|The Ohio State University,https://openalex.org/I123946342|https://openalex.org/I52357470|https://openalex.org/I52357470|https://openalex.org/I52357470|https://openalex.org/I67415387|https://openalex.org/I52357470,True|False|False|False|False|False,,0.92299098,18,https://openalex.org/I123946342,MARbLE: Multi-Agent Reinforcement Learning at the Edge for Digital Agriculture,https://doi.org/10.1109/sec54971.2022.00013,National Science Foundation,3.5514,,False,en,False,closed,,,,,Smart Agriculture and AI,2022-12-01,2022,article
https://openalex.org/W3183546475,,Ahnirudh Yeshwanth Raj|Akshaya Venkatraman|Anish Vinodh|H. K. Nitish Kumar,https://openalex.org/A5058974473|https://openalex.org/A5044636974|https://openalex.org/A5031576206|https://openalex.org/A5035917783,|||,|IN|IN|IN,|Sri Venkateswara University|Sri Venkateswara University|Sri Venkateswara University,|https://openalex.org/I170558118|https://openalex.org/I170558118|https://openalex.org/I170558118,True|False|False|False,,0.89509637,18,,Autonomous Drone for Smart Monitoring of an Agricultural Field,https://doi.org/10.1109/iec52205.2021.9476097,,2.6262,,False,en,False,closed,,,,,Smart Agriculture and AI,2021-02-24,2021,article
https://openalex.org/W4206770290,,Ahmed Refaat Ragab|Mohammad Sadeq Ale Isaac|Marco A. Luna|Pablo Flores Peña,https://openalex.org/A5070901214|https://openalex.org/A5076058117|https://openalex.org/A5089051046|https://openalex.org/A5064348490,https://orcid.org/0000-0002-6897-6048|https://orcid.org/0000-0001-8773-7184|https://orcid.org/0000-0003-1036-7538|https://orcid.org/0009-0005-7219-6879,ES|ES|ES|ES,Universidad Carlos III de Madrid|Universidad Politécnica de Madrid|Universidad Politécnica de Madrid|Econet (Spain),https://openalex.org/I50357001|https://openalex.org/I88060688|https://openalex.org/I88060688|https://openalex.org/I4210101004,True|False|False|False,,0.93065982,10,https://openalex.org/I50357001,Unmanned Aerial Vehicle Swarming,https://doi.org/10.1109/iceet53442.2021.9659698,,2.9201,,False,en,False,closed,2021 International Conference on Engineering and Emerging Technologies (ICEET),https://openalex.org/S4363608157,,conference,UAV Applications and Optimization,2021-10-27,2021,article
https://openalex.org/W4411338820,"Automation in agricultural machinery, underpinned by the integration of advanced technologies, is revolutionizing sustainable farming practices. Key enabling technologies include multi-source positioning fusion (e.g., RTK-GNSS/LiDAR), intelligent perception systems utilizing multispectral imaging and deep learning algorithms, adaptive control through modular robotic systems and bio-inspired algorithms, and AI-driven data analytics for resource optimization. These technological advancements manifest in significant applications: autonomous field machinery achieving lateral navigation errors below 6 cm, UAVs enabling targeted agrochemical application, reducing pesticide usage by 40%, and smart greenhouses regulating microclimates with ±0.1 °C precision. Collectively, these innovations enhance productivity, optimize resource utilization (water, fertilizers, energy), and mitigate critical labor shortages. However, persistent challenges include technological heterogeneity across diverse agricultural environments, high implementation costs, limitations in adaptability to dynamic field conditions, and adoption barriers, particularly in developing regions. Future progress necessitates prioritizing the development of lightweight edge computing solutions, multi-energy complementary systems (integrating solar, wind, hydropower), distributed collaborative control frameworks, and AI-optimized swarm operations. To democratize these technologies globally, this review synthesizes the evolution of technology and interdisciplinary synergies, concluding with prioritized strategies for advancing agricultural intelligence to align with the Sustainable Development Goals (SDGs) for zero hunger and responsible production.",Li Jiang|Boyan Xu|Naveed Husnain|Qi Wang,https://openalex.org/A5100862652|https://openalex.org/A5019345294|https://openalex.org/A5085199115|https://openalex.org/A5022567036,https://orcid.org/0009-0006-5859-3322||https://orcid.org/0000-0001-7521-2524|https://orcid.org/0009-0007-9664-5485,CN|CN|PK|CN,Jiangsu University|Jiangsu University|Bahauddin Zakariya University|Jiangsu University,https://openalex.org/I115592961|https://openalex.org/I115592961|https://openalex.org/I127670440|https://openalex.org/I115592961,True|False|False|True,cc-by,0.99853153,23,https://openalex.org/I115592961,Overview of Agricultural Machinery Automation Technology for Sustainable Agriculture,https://doi.org/10.3390/agronomy15061471,Priority Academic Program Development of Jiangsu Higher Education Institutions,40.501,,False,en,True,gold,Agronomy,https://openalex.org/S2738977497,2073-4395,journal,Smart Agriculture and AI,2025-06-16,2025,article
https://openalex.org/W4290996077,,Zunliang Wang|Haipeng Yao|Tianle Mai|Zehui Xiong|F. Richard Yu,https://openalex.org/A5010845183|https://openalex.org/A5100666106|https://openalex.org/A5005621448|https://openalex.org/A5005327587|https://openalex.org/A5100420016,https://orcid.org/0000-0002-2147-8850|https://orcid.org/0000-0003-1391-7363|https://orcid.org/0000-0002-8500-1461|https://orcid.org/0000-0002-4440-941X|https://orcid.org/0000-0003-1006-7594,CN|CN|CN|SG|CA,Beijing University of Posts and Telecommunications|Beijing University of Posts and Telecommunications|Beijing University of Posts and Telecommunications|Singapore University of Technology and Design|Carleton University,https://openalex.org/I139759216|https://openalex.org/I139759216|https://openalex.org/I139759216|https://openalex.org/I152815399|https://openalex.org/I67031392,True|False|False|False|False,,0.92211774,9,https://openalex.org/I139759216,Cooperative Reinforcement Learning Aided Dynamic Routing in UAV Swarm Networks,https://doi.org/10.1109/icc45855.2022.9838808,,2.4967,,False,en,False,closed,ICC 2022 - IEEE International Conference on Communications,https://openalex.org/S4363607711,,conference,UAV Applications and Optimization,2022-05-16,2022,article
https://openalex.org/W4225143717,"In the past decades, unmanned aerial vehicles (UAVs), also known as drones, have drawn more attention in the academic domain and exploration in the research fields of wireless sensor networks (WSNs). Moreover, applications of drones aid operations related to military support, agriculture industry, and smart Internet-of-Things (IoT). Currently, the use of drone based IoT, also known as Internet-of-Drones (IoD), and their design challenges and techniques are being probed by researchers around the globe. The placement of drones (nodes) is an important consideration in a IoD environment and is closely related to the properties of IoT. Given a base station (BS), sensor nodes (SNs) and IoT devices are designed to capture the signals transmitted by the BS and make use of internet connectivity in a manner to facilitate users. Mutual benefit can be achieved by integrating drones into IoT. The drone based cluster models are not free from challenges. Routing protocols have to be substantiated by key algorithms. Drones are designed to be specific to applications, but the underlying principles are the same. Optimization algorithms are the gateway to better accuracy, performance, and reliability. This article discusses some of these optimization algorithms, include genetic algorithm (GA), bee optimization algorithm, and Chicken Swarm Optimization Clustering Algorithm (CSOCA). Finally, the routing schemes, protocols, and challenges in the context of IoD are discussed.",Syed Kamran Haider|Ali Nauman|Muhammad Ali Jamshed|Aimin Jiang|Sahar Batool|Sung Won Kim,https://openalex.org/A5007498151|https://openalex.org/A5090587594|https://openalex.org/A5057961688|https://openalex.org/A5028119374|https://openalex.org/A5034644295|https://openalex.org/A5100685527,https://orcid.org/0000-0001-7568-3262|https://orcid.org/0000-0002-2133-5286|https://orcid.org/0000-0002-2141-9025|https://orcid.org/0000-0002-9181-934X||https://orcid.org/0000-0001-8454-6980,CN|KR|GB|CN||KR,Hohai University|Yeungnam University|University of Glasgow|Hohai University||Yeungnam University,https://openalex.org/I163340411|https://openalex.org/I55240360|https://openalex.org/I7882870|https://openalex.org/I163340411||https://openalex.org/I55240360,False|False|False|False|False|True,cc-by,0.98773038,31,https://openalex.org/I55240360,"Internet of Drones: Routing Algorithms, Techniques and Challenges",https://doi.org/10.3390/math10091488,"National Research Foundation|National Research Foundation of Korea|Ministry of Science and ICT, South Korea",16.6528,,False,en,True,gold,Mathematics,https://openalex.org/S4210192031,2227-7390,journal,UAV Applications and Optimization,2022-04-29,2022,article
https://openalex.org/W4414247204,"The adoption of unmanned aerial vehicles (UAVs), particularly multirotor systems, is transforming precision agriculture (PA) by enabling versatile and cost-effective real-time, high-resolution data collection. This review aims to provide a comprehensive overview of the classification, applications, and advantages of multirotor UAVs in PA. A thorough literature survey and comparative analysis were conducted to examine recent technological innovations, challenges, and economic potential associated with these UAVs. The findings highlight that multirotor UAVs equipped with advanced sensors, artificial intelligence, and machine learning techniques improve crop monitoring, disease detection, and resource management. Despite challenges such as limited flight duration, payload constraints, regulatory issues, and data processing complexities, emerging advancements like improved battery technology, IoT integration, and UAV swarm operations show promise in overcoming these limitations. This study offers insights to guide future research and support sustainable agricultural practices, particularly in developing regions.",Sanket S. Unde|Vijay Kurkute|Sachin Chavan|Dadaso D. Mohite|Akshay A. Harale|Ayaan Chougle,https://openalex.org/A5053983456|https://openalex.org/A5011118129|https://openalex.org/A5003922172|https://openalex.org/A5011997318|https://openalex.org/A5082757360|https://openalex.org/A5119635922,https://orcid.org/0000-0003-1533-3759|https://orcid.org/0000-0003-0763-8456|https://orcid.org/0000-0003-3113-9761|https://orcid.org/0000-0002-4296-1390||,IN|IN|IN|IN|IN|IN,Bharati Vidyapeeth Deemed University|Bharati Vidyapeeth Deemed University|Bharati Vidyapeeth Deemed University|Bharati Vidyapeeth Deemed University|Bharati Vidyapeeth Deemed University|Bharati Vidyapeeth Deemed University,https://openalex.org/I887998513|https://openalex.org/I887998513|https://openalex.org/I887998513|https://openalex.org/I887998513|https://openalex.org/I887998513|https://openalex.org/I887998513,True|False|False|False|False|False,cc-by-nc-nd,0.99057733,9,https://openalex.org/I887998513,The expanding role of multirotor UAVs in precision agriculture with applications AI integration and future prospects,https://doi.org/10.1007/s44245-025-00132-4,,15.8482,,False,en,True,diamond,Discover Mechanical Engineering,https://openalex.org/S4387281368,2731-6564,journal,Smart Agriculture and AI,2025-09-16,2025,article
https://openalex.org/W3212303405,"The prevalence of Unmanned Aerial Vehicles (UAVs) in precision agriculture has been growing rapidly. This paper tackles the UAV global mission planning problem by incorporating a greater capacity for human-machine teaming in the architecture of a flexibly autonomous, near-fully-distributed Mission Management System for UAV swarms. Subsequently, the two problems of global mission planning are solved simultaneously using an integrated solution. This consists of a geometric clustering algorithm which prioritizes the minimization of overall mission time, and an off-policy, model-free Temporal Difference Learning global agent capable of learning about an initially unknown mission environment through simulations. The latter component makes the solution adaptive to missions with different requirements.",Shreevanth Krishnaa Gopalakrishnan|Saba Al–Rubaye|Gökhan İnalhan,https://openalex.org/A5064540648|https://openalex.org/A5023648639|https://openalex.org/A5037931913,|https://orcid.org/0000-0003-3293-904X|https://orcid.org/0000-0002-4490-8358,GB|GB|GB,Cranfield University|Cranfield University|Cranfield University,https://openalex.org/I82284825|https://openalex.org/I82284825|https://openalex.org/I82284825,True|False|False,cc-by-nc,0.69063725,10,https://openalex.org/I82284825,Adaptive UAV Swarm Mission Planning by Temporal Difference Learning,https://doi.org/10.1109/dasc52595.2021.9594300,,0.5764,,False,en,True,green,,,,,Robotic Path Planning Algorithms,2021-10-03,2021,article
https://openalex.org/W4213176935,"Unmanned aerial vehicle-based remote sensing technology has recently been widely applied to crop monitoring due to the rapid development of unmanned aerial vehicles, and these technologies have considerable potential in smart agriculture applications. Field phenotyping using remote sensing is mostly performed using unmanned aerial vehicles equipped with RGB cameras or multispectral cameras. For accurate field phenotyping for precision agriculture, images taken from multiple perspectives need to be simultaneously collected, and phenotypic measurement errors may occur due to the movement of the drone and plants during flight. In this study, to minimize measurement error and improve the digital surface model, we proposed a collaborative driving system that allows multiple UAVs to simultaneously acquire images from different viewpoints. An integrated navigation system based on MAVSDK is configured for the attitude control and position control of unmanned aerial vehicles. Based on the leader-follower-based swarm driving algorithm and a long-range wireless network system, the follower drone cooperates with the leader drone to maintain a constant speed, direction, and image overlap ratio, and to maintain a rank to improve their phenotyping. A collision avoidance algorithm was developed because different UAVs can collide due to external disturbance (wind) when driving in groups while maintaining a rank. To verify and optimize the flight algorithm developed in this study in a virtual environment, a GAZEBO-based simulation environment was established. Based on the algorithm that has been verified and optimized in the previous simulation environment, some unmanned aerial vehicles were flown in the same flight path in a real field, and the simulation and the real field were compared. As a result of the comparative experiment, the simulated flight accuracy (RMSE) was 0.36 m and the actual field flight accuracy was 0.46 m, showing flight accuracy like that of a commercial program.",Hyeonseung Lee|Beom-Soo Shin|J. Alex Thomasson|Tianyi Wang|Zhao Zhang|Xiongzhe Han,https://openalex.org/A5103052875|https://openalex.org/A5100898862|https://openalex.org/A5022600991|https://openalex.org/A5100399646|https://openalex.org/A5100423040|https://openalex.org/A5088800206,https://orcid.org/0000-0001-6997-205X||https://orcid.org/0000-0002-5557-105X|https://orcid.org/0000-0003-3032-1246|https://orcid.org/0000-0002-8577-8043|https://orcid.org/0000-0001-8748-2265,KR|KR|US|CN|CN|KR,Kangwon National University|Kangwon National University|Mississippi State University|China Agricultural University|Ministry of Agriculture and Rural Affairs|China Agricultural University|Kangwon National University,https://openalex.org/I165507594|https://openalex.org/I165507594|https://openalex.org/I99041443|https://openalex.org/I52158045|https://openalex.org/I4210151987|https://openalex.org/I52158045|https://openalex.org/I165507594,False|False|False|False|False|True,cc-by,0.93716625,22,https://openalex.org/I165507594,Development of Multiple UAV Collaborative Driving Systems for Improving Field Phenotyping,https://doi.org/10.3390/s22041423,National Research Foundation of Korea,4.4168,https://pubmed.ncbi.nlm.nih.gov/35214326,False,en,True,gold,Sensors,https://openalex.org/S101949793,1424-8220,journal,Smart Agriculture and AI,2022-02-12,2022,article
https://openalex.org/W4392694052,,Gepeng Zhu|Haipeng Yao|Tianle Mai|Zunliang Wang|Di Wu|Song Guo,https://openalex.org/A5102936130|https://openalex.org/A5100666106|https://openalex.org/A5005621448|https://openalex.org/A5010845183|https://openalex.org/A5106407687|https://openalex.org/A5043464306,https://orcid.org/0009-0006-1754-3062|https://orcid.org/0000-0003-1391-7363|https://orcid.org/0000-0002-8500-1461|https://orcid.org/0000-0002-2147-8850|https://orcid.org/0009-0006-6008-6987|https://orcid.org/0000-0001-9831-2202,CN|CN|CN|CN|CN|HK,Beijing University of Posts and Telecommunications|Beijing University of Posts and Telecommunications|Beijing University of Posts and Telecommunications|Beijing University of Posts and Telecommunications|Beijing University of Posts and Telecommunications|Hong Kong Polytechnic University,https://openalex.org/I139759216|https://openalex.org/I139759216|https://openalex.org/I139759216|https://openalex.org/I139759216|https://openalex.org/I139759216|https://openalex.org/I14243506,True|False|False|False|False|False,,0.98833483,13,https://openalex.org/I139759216,Fission Spectral Clustering Strategy for UAV Swarm Networks,https://doi.org/10.1109/tsc.2024.3376191,National Natural Science Foundation of China,17.8659,,False,en,False,closed,IEEE Transactions on Services Computing,https://openalex.org/S204223317,1939-1374,journal,UAV Applications and Optimization,2024-03-01,2024,article
https://openalex.org/W4404498675,"This paper presents LEVIOSA, a novel framework for text- and speech-based uncrewed aerial vehicle (UAV) trajectory generation. By leveraging multimodal large language models (LLMs) to interpret natural language commands, the system converts text and audio inputs into executable flight paths for UAV swarms. The approach aims to simplify the complex task of multi-UAV trajectory generation, which has significant applications in fields such as search and rescue, agriculture, infrastructure inspection, and entertainment. The framework involves two key innovations: a multi-critic consensus mechanism to evaluate trajectory quality and a hierarchical prompt structuring for improved task execution. The innovations ensure fidelity to user goals. The framework integrates several multimodal LLMs for high-level planning, converting natural language inputs into 3D waypoints that guide UAV movements and per-UAV low-level controllers to control each UAV in executing its assigned 3D waypoint path based on the high-level plan. The methodology was tested on various trajectory types with promising accuracy, synchronization, and collision avoidance results. The findings pave the way for more intuitive human–robot interactions and advanced multi-UAV coordination.",Godwyll Aikins|Mawaba Pascal Dao|Josias Moukpe|Thomas C. Eskridge|Kim‐Doang Nguyen,https://openalex.org/A5035149053|https://openalex.org/A5023008903|https://openalex.org/A5017488337|https://openalex.org/A5068275639|https://openalex.org/A5062903089,https://orcid.org/0009-0009-3935-3659|https://orcid.org/0009-0006-4553-8252|https://orcid.org/0009-0006-0040-8403|https://orcid.org/0000-0002-2117-5294|https://orcid.org/0000-0001-6230-2432,US|US|US|US|US,Florida Institute of Technology|Florida Institute of Technology|Florida Institute of Technology|Florida Institute of Technology|Florida Institute of Technology,https://openalex.org/I106959904|https://openalex.org/I106959904|https://openalex.org/I106959904|https://openalex.org/I106959904|https://openalex.org/I106959904,False|False|False|False|True,cc-by,0.91861148,11,https://openalex.org/I106959904,LEVIOSA: Natural Language-Based Uncrewed Aerial Vehicle Trajectory Generation,https://doi.org/10.3390/electronics13224508,,2.7421,,False,en,True,gold,Electronics,https://openalex.org/S4210202905,2079-9292,journal,Robotic Path Planning Algorithms,2024-11-17,2024,article
https://openalex.org/W4399801665,,Matthew Szklany|Adam E. Cohen|Jayson Boubin,https://openalex.org/A5099269081|https://openalex.org/A5067931881|https://openalex.org/A5009145336,|https://orcid.org/0000-0002-8699-2404|https://orcid.org/0000-0002-4296-9624,US|US|US,Binghamton University|Binghamton University|Binghamton University,https://openalex.org/I123946342|https://openalex.org/I123946342|https://openalex.org/I123946342,True|False|False,,0.83993921,6,https://openalex.org/I123946342,"Tsunami: Scalable, Fault Tolerant Coverage Path Planning for UAV Swarms",https://doi.org/10.1109/icuas60882.2024.10556935,,1.579,,False,en,False,closed,,,,,Robotic Path Planning Algorithms,2024-06-04,2024,article
https://openalex.org/W4321063214,,Ragala Chethan|Indrani Kar,https://openalex.org/A5082604214|https://openalex.org/A5102850307,|https://orcid.org/0000-0002-1394-7450,IN|IN,Indian Institute of Technology Guwahati|Indian Institute of Technology Guwahati,https://openalex.org/I1317621060|https://openalex.org/I1317621060,True|False,,0.71808893,7,https://openalex.org/I1317621060,Multi-Agent Coverage Path Planning using a Swarm of Unmanned Aerial Vehicles,https://doi.org/10.1109/indicon56171.2022.10039853,,0.4184,,False,en,False,closed,2022 IEEE 19th India Council International Conference (INDICON),https://openalex.org/S4363607765,,conference,Robotic Path Planning Algorithms,2022-11-24,2022,article
https://openalex.org/W4403045686,"The paper proposes an original method for employing optimised cooperative swarms of Unmanned Aerial Vehicles (UAVs) to localise multiple moving objects in agricultural farmlands. Crop Monitoring (CM), targeted fertilizer distribution, and Livestock Management (LM) are some of the Smart Farming (SF) applications of UAVs. However, the ever-changing nature of agricultural settings makes it challenging to set up UAV swarms. Detecting multiple evolving objectives in dynamic environments is complicated, and conventional methods are regularly optimized for single objectives, such as area or reduced Energy Consumption (EC), which is unsuitable. This research recommends a Multi-Objective Evolutionary Algorithm (MOEA) as a model for UAV swarms to balance task service, communication, and EC during the investigation. The approach paves the method for innovation in the agricultural sector by optimizing tasks in real-time, addressing unpredictable targets, boosting productivity, and reducing costs. The study’s findings present optimism for smart farm management and accurate SF by improving UAV systems’ response time and scalability.",Milton Lopez-Cueva|Renzo Apaza-Cutipa|Rene L. Araujo-Cotacallpa|V. V. S. Sasank|Rajasekar Rangasamy|Sudhakar Sengan,https://openalex.org/A5107691157|https://openalex.org/A5107691158|https://openalex.org/A5107691159|https://openalex.org/A5067318291|https://openalex.org/A5068314991|https://openalex.org/A5082920406,||||https://orcid.org/0000-0001-7965-256X|https://orcid.org/0000-0003-4901-1432,PE|PE|PE|IN|IN|IN,Universidad Nacional del Altiplano|Universidad Nacional del Altiplano|Universidad Nacional del Altiplano|Koneru Lakshmaiah Education Foundation|GITAM University|Tirunelveli Medical College,https://openalex.org/I4210136524|https://openalex.org/I4210136524|https://openalex.org/I4210136524|https://openalex.org/I875944469|https://openalex.org/I885392262|https://openalex.org/I118826373,True|False|False|False|False|False,cc-by,0.96135774,5,https://openalex.org/I4210136524,A Multi Moving Target Localization in Agricultural Farmlands by Employing Optimized Cooperative Unmanned Aerial Vehicle Swarm,https://doi.org/10.12694/scpe.v25i6.3130,,6.7274,,False,en,True,diamond,Scalable Computing Practice and Experience,https://openalex.org/S2764391171,1895-1767,journal,UAV Applications and Optimization,2024-10-01,2024,article
https://openalex.org/W4390991081,"Currently, drones have been gradually applied in the field of agriculture, and have been widely used in various types of agricultural aerial operations such as precision sowing, pesticide spraying, and vegetation detection. The use of agricultural UAVs for pesticide spraying has become an important task in the agricultural plant protection process. However, in the crop spraying process of agricultural UAVs, it is necessary to traverse multiple spray points and plan obstacle avoidance paths, which greatly affects the efficiency of agricultural UAV crop spraying operations. To address the above issues, traditional particle swarm optimization (PSO) algorithms have strong solving capabilities, but they are prone to falling into local optima. Therefore, this study proposes an improved PSO algorithm combined with the A* algorithm, which introduces a nonlinear convergence factor balancing algorithm for global search and local development capabilities in the traditional PSO algorithm, and adopts population initialization to enhance population diversity, so that the improved PSO algorithm has stronger model solving capabilities. This study designs two scenarios for agricultural UAV crop spraying path planning: one without obstacles and one with obstacles. Experimental simulation results show that using the PSO algorithm to solve the obstacle-free problem and then using the A* algorithm to correct the path obstructed by obstacles in the obstacle scenario, the agricultural UAV crop spraying trajectory planning based on the PSO-A* algorithm is real and effective. This research can provide theoretical basis for agricultural plant protection and solve the premise of autonomous operation of UAVs.",Lijuan FAN,https://openalex.org/A5109675370,,,,,True,,0.95367793,7,,AGRICULTURAL UAV CROP SPRAYING PATH PLANNING BASED ON PSO-A* ALGORITHM,https://doi.org/10.35633/inmateh-71-54,,5.3299,,False,en,True,diamond,INMATEH Agricultural Engineering,https://openalex.org/S2764873327,2068-2239,journal,UAV Applications and Optimization,2023-12-31,2023,article
https://openalex.org/W4292075229,,Carles Sastre|Jamie Wubben|Carlos T. Calafate|Juan‐Carlos Cano|Pietro Manzoni,https://openalex.org/A5086522213|https://openalex.org/A5036424804|https://openalex.org/A5066242048|https://openalex.org/A5086152745|https://openalex.org/A5043546527,|https://orcid.org/0000-0001-8121-995X|https://orcid.org/0000-0001-5729-3041|https://orcid.org/0000-0002-0038-0539|https://orcid.org/0000-0003-3753-0403,ES|ES|ES|ES|ES,Universitat Politècnica de Catalunya|Universitat Politècnica de Catalunya|Universitat Politècnica de Catalunya|Universitat Politècnica de Catalunya|Universitat Politècnica de Catalunya,https://openalex.org/I9617848|https://openalex.org/I9617848|https://openalex.org/I9617848|https://openalex.org/I9617848|https://openalex.org/I9617848,True|False|False|False|False,,0.85260317,5,https://openalex.org/I9617848,Collision-free swarm take-off based on trajectory analysis and UAV grouping,https://doi.org/10.1109/wowmom54355.2022.00074,,1.5398,,False,en,False,closed,,,,,UAV Applications and Optimization,2022-06-01,2022,article
https://openalex.org/W4413977920,"Unmanned Aerial Vehicle (UAV) swarms are increasingly recognized for their versatility and affordability. These swarms have enhanced various applications, including agriculture, surveillance, delivery services, and monitoring. However, fully utilizing the capabilities of UAV swarms requires addressing challenges related to trajectory design, particularly the Multiple Traveling Salesman Problem (MTSP). It involves optimizing the paths of multiple UAVs while avoiding collisions, minimizing overlap and interference, and managing the overall size of the swarm. These challenges highlight the complexities involved in developing high-performance, organized UAV swarm operations. We propose a novel approach based on repulsion force in UAV swarm trajectory design to tackle these issues. Our method utilizes a Genetic Algorithm (GA) to generate a dynamic Repulsion Force (RF) that optimizes the distance between UAVs and the size of the swarm. This approach reduces interference and overlap while effectively navigating the limitations posed by the MTSP. Our proposed solution aims to design efficient trajectories that enhance the overall performance of UAV swarms. We compared our proposed method to existing algorithms, including the MTSPGA, Particle Swarm Optimization (PSO), 2-OPT, Ant Colony (AC) Optimization, and Simulated Annealing (SA), using simulations and evaluations. The results indicate that our proposed method effectively optimizes travel distances and times, reduces interference levels and overlapping, prevents collisions between UAVs, and enhances the size of the UAV swarm. Overall, our method outperforms current approaches, demonstrating its effectiveness for UAV-based applications.",Kaleem Arshid|Ali Krayani|Lucio Marcenaro|David Martín|Carlo S. Regazzoni,https://openalex.org/A5011213868|https://openalex.org/A5070163414|https://openalex.org/A5019722167|https://openalex.org/A5101961834|https://openalex.org/A5055281228,https://orcid.org/0000-0001-9071-360X|https://orcid.org/0000-0002-6598-2805|https://orcid.org/0000-0003-1515-120X|https://orcid.org/0000-0003-3764-5083|https://orcid.org/0000-0001-6617-1417,ES|IT|IT|IT|ES|IT,Universidad Carlos III de Madrid|University of Genoa|University of Genoa|University of Genoa|Universidad Carlos III de Madrid|University of Genoa,https://openalex.org/I50357001|https://openalex.org/I83816512|https://openalex.org/I83816512|https://openalex.org/I83816512|https://openalex.org/I50357001|https://openalex.org/I83816512,True|False|False|False|False,cc-by,0.95782223,4,https://openalex.org/I50357001|https://openalex.org/I83816512,UAV Swarm Trajectory Design for Wireless Networks Using Genetic Algorithm-Driven Repulsion Forces,https://doi.org/10.1109/access.2025.3606121,,5.1136,,False,en,True,gold,IEEE Access,https://openalex.org/S2485537415,2169-3536,journal,Robotic Path Planning Algorithms,2025-01-01,2025,article
https://openalex.org/W4289755885,"Unmanned aerial vehicles (UAVs) are being employed in many areas such as photography, emergency, entertainment, defence, agriculture, forestry, mining and construction. Over the last decade, UAV technology has found applications in numerous construction project phases, ranging from site mapping, progress monitoring, building inspection, damage assessments, and material delivery. While extensive studies have been conducted on the advantages of UAVs for various construction-related processes, studies on UAV collaboration to improve the task capacity and efficiency are still scarce. This paper proposes a new cooperative path planning algorithm for multiple UAVs based on the stag hunt game and particle swarm optimization (PSO). First, a cost function for each UAV is defined, incorporating multiple objectives and constraints. The UAV game framework is then developed to formulate the multi-UAV path planning into the problem of finding payoff-dominant equilibrium. Next, a PSO-based algorithm is proposed to obtain optimal paths for the UAVs. Simulation results for a large construction site inspected by three UAVs indicate the effectiveness of the proposed algorithm in generating feasible and efficient flight paths for UAV formation during the inspection task.",Lanh Van Nguyen|Ignacio Torres Herrera|Trung Le|Duong Manh Phung|Ricardo P. Aguilera|Q. P. Ha,https://openalex.org/A5059871713|https://openalex.org/A5045093185|https://openalex.org/A5046456210|https://openalex.org/A5064216225|https://openalex.org/A5024255011|https://openalex.org/A5069849643,https://orcid.org/0000-0003-4665-8863||https://orcid.org/0009-0008-5254-0160||https://orcid.org/0000-0003-4166-8341|https://orcid.org/0000-0003-0978-1758,AU|AU|AU|AU|VN|AU|AU,"University of Technology Sydney|University of Technology Sydney|University of Technology Sydney|University of Technology Sydney|Vietnam National University, Hanoi|University of Technology Sydney|University of Technology Sydney",https://openalex.org/I114017466|https://openalex.org/I114017466|https://openalex.org/I114017466|https://openalex.org/I114017466|https://openalex.org/I177233841|https://openalex.org/I114017466|https://openalex.org/I114017466,False|False|False|False|True|False,,0.70371525,7,https://openalex.org/I114017466,Stag hunt game-based approach for cooperative UAVs,https://doi.org/10.22260/isarc2022/0051,,0.7138,,False,en,True,green,Proceedings of the ... ISARC,https://openalex.org/S4220651438,2413-5844,journal,Robotic Path Planning Algorithms,2022-07-15,2022,article
https://openalex.org/W4403936948,"Unmanned Aerial Vehicles (UAVs) equipped with remote sensing (RS) abilities have revolutionized agriculture practices, especially in the area of plant disease detection, with the incorporation of deep learning (DL) techniques. Using the UAVs to capture high-resolution images of agricultural regions, RS information becomes widely accessible for monitoring and identifying crop health and signs of diseases. DL models, specifically convolutional neural networks (CNNs), are employed to analyze these images, enabling automated recognition and detection of plant diseases with enhanced accuracy. This integration of UAV-based RS and DL models facilitates early disease detection, allowing farmers to implement timely interventions, such as targeted pesticide application or crop management strategies, ensuring food security and reducing yield losses. Moreover, this model’s scalability and efficiency improve its value for precision agriculture, optimizing resource usage and promoting sustainable farming practices. This manuscript proposes an Optimal Fuzzy Deep Neural Networks-based Plant Disease Detection and Classification (OFDNN-PDDC) technique on UAV-based Remote Sensed Data. The purpose of the OFDNN-PDDC technique is to proficiently detect and classify the distinct kinds of plant diseases. The OFDNN-PDDC technique follows a three-stage process to enhance plant disease detection performance. At the primary level, the OFDNN-PDDC technique employs an improved ShuffleNetv2 model for learning complex and intrinsic feature patterns on the RS data. Besides, the OFDNN-PDDC technique utilizes a fuzzy restricted Boltzmann machine (FRBM) model to detect plant diseases. Finally, the hyperparameter selection of the OFDNN-PDDC technique is performed by the tent chaotic salp swarm algorithm (TCSSA) model. To illustrate the superior outcomes of the OFDNN-PDDC technique, detailed experiments were accomplished by utilizing APD and CPD datasets. The experimental validation of the OFDNN-PDDC technique portrayed a superior accuracy value of 96.18% and 98.85% over existing techniques under the used datasets.",M. Pajany|Senthil Kumar Venkatraman|U. Sakthi|M. Sujatha|Mohamad Khairi Ishak,https://openalex.org/A5108762734|https://openalex.org/A5022575504|https://openalex.org/A5065110839|https://openalex.org/A5064065947|https://openalex.org/A5085584754,|https://orcid.org/0000-0002-6567-4079|https://orcid.org/0000-0001-8777-9341||https://orcid.org/0000-0002-3554-0061,IN|IN|IN|IN|AE,Presidency University|Vellore Institute of Technology University|SRM Institute of Science and Technology|Koneru Lakshmaiah Education Foundation|Ajman University,https://openalex.org/I157674215|https://openalex.org/I876193797|https://openalex.org/I145286018|https://openalex.org/I875944469|https://openalex.org/I182000528,True|False|False|False|False,,0.96778101,10,https://openalex.org/I157674215,Optimal Fuzzy Deep Neural Networks-Based Plant Disease Detection and Classification on UAV-Based Remote Sensed Data,https://doi.org/10.1109/access.2024.3488751,Ajman University,7.2571,,False,en,True,gold,IEEE Access,https://openalex.org/S2485537415,2169-3536,journal,Smart Agriculture and AI,2024-01-01,2024,article
https://openalex.org/W4317642817,"The usage of unmanned aerial vehicles (UAVs) is considered a new technological trend able to solve some challenges of the modern society as dedicated transportation, on demand communication in special events, earth observation, smart agriculture and many others. But there are some challenges related to this fast development: air traffic monitoring, privacy assurance in some specified areas, protection of critical infrastructures, etc. All these challenges are supposing an accurate UAV detection and positioning. The present paper is contributing to a state-of-the-art investigation in this area focused on the UAVs swarm presence in a given environment and how UAVs nodes can be detected and localized. Also, we discuss the probable mechanisms that used for this purpose. Furthermore, we explain the challenges face the detection and positioning of UAVs in real world and propose some solutions to overcome these issues.",Octavian Fratu|Ahmed M. Nor|Simona Halunga|Zaharias D. Zaharis,https://openalex.org/A5072602284|https://openalex.org/A5027737746|https://openalex.org/A5057547358|https://openalex.org/A5009244011,https://orcid.org/0000-0001-5679-9307|https://orcid.org/0000-0002-6943-892X|https://orcid.org/0000-0001-7028-3921|https://orcid.org/0000-0002-4548-282X,RO|RO|RO|GR,Universitatea Națională de Știință și Tehnologie Politehnica București|Universitatea Națională de Știință și Tehnologie Politehnica București|Universitatea Națională de Știință și Tehnologie Politehnica București|Aristotle University of Thessaloniki,https://openalex.org/I61641377|https://openalex.org/I61641377|https://openalex.org/I61641377|https://openalex.org/I21370196,True|False|False|False,other-oa,0.86891039,6,https://openalex.org/I61641377,RF Propagation and Interferences Challenges for UAVs Swarm Detection and Positioning,https://doi.org/10.1109/wpmc55625.2022.10014750,,1.6559,,False,en,True,green,2022 25th International Symposium on Wireless Personal Multimedia Communications (WPMC),https://openalex.org/S4363607502,,conference,UAV Applications and Optimization,2022-10-30,2022,article
https://openalex.org/W4317418805,,Fatima Zahra Rabahi|Saâdi Boudjit|Nour El Houda Bahloul|Soufiene Djahel|ChemsEddine Bemmoussat,https://openalex.org/A5080163769|https://openalex.org/A5066189034|https://openalex.org/A5036253585|https://openalex.org/A5047844409|https://openalex.org/A5070466637,|https://orcid.org/0000-0001-6061-1696||https://orcid.org/0000-0002-1286-7037|,FR|FR|FR|GB|DZ,Université Sorbonne Paris Nord|Université Sorbonne Paris Nord|Altran (France)|Manchester Metropolitan University|Université de ain Témouchent,https://openalex.org/I4210091279|https://openalex.org/I4210091279|https://openalex.org/I158447531|https://openalex.org/I11983389|https://openalex.org/I4210163438,True|False|False|False|False,,0.8417825,5,https://openalex.org/I4210091279,PSO-OLSR: A Particle Swarm Optimization based Proactive Routing Protocol for UAV Networks,https://doi.org/10.1109/vtc2022-fall57202.2022.10012952,,1.387,,False,en,False,closed,2022 IEEE 96th Vehicular Technology Conference (VTC2022-Fall),https://openalex.org/S4363607792,,conference,UAV Applications and Optimization,2022-09-01,2022,article
https://openalex.org/W4414166345,,Maneet Kaur|Avinash Kaur|Parminder Singh,https://openalex.org/A5008639890|https://openalex.org/A5055522022|https://openalex.org/A5100640929,https://orcid.org/0000-0002-1923-6705|https://orcid.org/0000-0003-3534-4121|https://orcid.org/0000-0002-0750-6309,IN|IN|IN,Lovely Professional University|Lovely Professional University|Lovely Professional University,https://openalex.org/I110360157|https://openalex.org/I110360157|https://openalex.org/I110360157,False|False|True,,0.98631328,3,https://openalex.org/I110360157,"UAV swarm clustering and trajectory planning: A taxonomy, systematic review, current trends and research challenges",https://doi.org/10.1016/j.compeleceng.2025.110697,,16.1437,,False,en,False,closed,Computers & Electrical Engineering,https://openalex.org/S121340289,0045-7906,journal,UAV Applications and Optimization,2025-09-09,2025,article
https://openalex.org/W4403133012,"The rapid development of Unmanned Aerial Vehicles (UAVs), particularly drones, has revolutionized various sectors, including agriculture, mapping, search and rescue operations and more. There is an urgent need for simulation environments to develop algorithms for complex trajectory evolutions in tasks like package delivery and environmental monitoring, to avoid the significant risks associated with real-world testing. One of the primary challenges in UAV research is the diversity and fragmentation of available simulation tools, complicating the selection of appropriate simulators for specific practical tasks. Researchers must balance trade-offs such as simulation speed, the accuracy of physical law emulation, sensor integration, and user interface quality. The absence of a universal simulator that includes high-fidelity physics, comprehensive sensor modeling, and scalability for drone swarm simulations is a significant issue. Known UAV simulators have certain advantages and disadvantages, but none provide a comprehensive solution to meet all the requirements for modern research and development. Integrating various sensors, such as cameras, LiDAR, GPS, and IMUs, into simulation systems remains a technical challenge, limiting the applicability of existing simulators. Additionally, the availability and support infrastructure for effective simulators can vary significantly, impacting their adoption and sustainability. Therefore, the main problem is the lack of a universal simulator that meets the diverse and specific needs of UAV research and development. A standardized approach to UAV simulation could improve the comparability of research results, simplify selection efforts, and create a unified basis for evaluating simulator performance. Advances in aerodynamic modeling, especially for quadcopters and fixed-wing UAVs, could enhance simulation accuracy and realism, better supporting the development of advanced technologies. Future research aims to develop more comprehensive, high-fidelity, and scalable simulation environments. This involves integrating innovative sensor modeling approaches, improving swarm dynamics modeling, and enhancing user accessibility and support. Key areas for improvement include sensor integration to model a wide range of sensors, improving swarm dynamics simulation to effectively model complex behaviors and interactions among multiple drones, simplifying user interfaces, providing comprehensive documentation, ensuring robust community support, developing standardized criteria for comparing and evaluating different simulators, and incorporating detailed aerodynamic principles to enhance simulation accuracy. Addressing these issues in the development of UAV simulators is crucial for advancing aerial robotics. Developing simulation environments with integrated advanced sensor capabilities, improved swarm dynamics modeling, and user-friendly interfaces can enhance the effectiveness and efficiency of UAV development. Standardized evaluation criteria and detailed aerodynamic modeling will support the evolution of UAV technologies, ensuring safer, more reliable, and innovative applications across various sectors. These enhancements will foster innovation, technological progress, and operational efficiency in real-world conditions.",Mykola Nikolaiev|Mykhailo Novotarskyi,https://openalex.org/A5107760308|https://openalex.org/A5056936364,https://orcid.org/0009-0003-0787-6726|https://orcid.org/0000-0002-5653-8518,UA|UA,National Technical University of Ukraine “Igor Sikorsky Kyiv Polytechnic Institute”|National Technical University of Ukraine “Igor Sikorsky Kyiv Polytechnic Institute”,https://openalex.org/I202483615|https://openalex.org/I202483615,True|False,cc-by,0.97244596,7,https://openalex.org/I202483615,Comparative Review of Drone Simulators,https://doi.org/10.20535/2786-8729.4.2024.300614,,9.2057,,False,en,True,diamond,"Information, computing and intelligent systems",https://openalex.org/S4393919604,2708-4930,journal,UAV Applications and Optimization,2024-10-02,2024,article
https://openalex.org/W4396831127,,Kayalvizhi Manikandan|Ramamoorthy Sriramulu,https://openalex.org/A5016357398|https://openalex.org/A5069564807,|,IN|IN,SRM Institute of Science and Technology|SRM Institute of Science and Technology,https://openalex.org/I145286018|https://openalex.org/I145286018,True|False,,0.87779523,3,https://openalex.org/I145286018,ASMTP: Anonymous secure messaging token‐based protocol assisted data security in swarm of unmanned aerial vehicles,https://doi.org/10.1002/nem.2271,,2.2644,,False,en,False,closed,International Journal of Network Management,https://openalex.org/S204585504,1055-7148,journal,UAV Applications and Optimization,2024-05-10,2024,article
https://openalex.org/W4407690671,"Unmanned aerial vehicle (UAV) has been widely used in various fields such as agriculture, petroleum, military, meteorology, and geographic surveying. In actual flight, unmanned aerial vehicle needs to find the shortest path and avoid all threats. An improved particle swarm optimization algorithm combined with genetic algorithm method is presented in this paper to solve the path planning problem of UAV which easily falls into local optimization. The algorithm enhances early stage global search capability and later period local optimization capability compared to traditional particle swarm algorithm. To ensure that particles are distributed in key search areas of the environment, Gaussian distribution is used to initialize the particle distribution. Optimization ability can be further improved by the linear transformation operation on the well performing particles. Logistic function is employed to set the dynamic mutation probability. To improve the global search capability, random initialization operations are performed on particles with poor performance. Simulations in simple terrain and complex terrain environment are carried out to testify the feasibility and efficiency of the proposed improved algorithm.",Chengzhong Li|Qing‐Li Zhao|Canyi Che,https://openalex.org/A5113025138|https://openalex.org/A5027686615|https://openalex.org/A5113385743,|https://orcid.org/0000-0001-5234-855X|,CN|CN|CN,Shandong Jianzhu University|Shandong Jianzhu University|Shandong Jianzhu University,https://openalex.org/I44445938|https://openalex.org/I44445938|https://openalex.org/I44445938,True|False|False,cc-by,0.97069089,6,https://openalex.org/I44445938,3D Flight Path Planning for UAV Based on Improved Particle Swarm Optimization Algorithm,https://doi.org/10.1109/access.2025.3543175,,7.6703,,False,en,True,gold,IEEE Access,https://openalex.org/S2485537415,2169-3536,journal,Robotic Path Planning Algorithms,2025-01-01,2025,article
https://openalex.org/W4364304231,,Ja'far Shadiq Alatas|Karlisa Priandana|Hendradi Hardhienata|Wulandari Wulandari,https://openalex.org/A5073580936|https://openalex.org/A5054722232|https://openalex.org/A5021688106|https://openalex.org/A5045401587,|https://orcid.org/0000-0002-7707-971X|https://orcid.org/0000-0001-9123-4539|,ID|ID|ID|ID,IPB University|IPB University|IPB University|IPB University,https://openalex.org/I21881038|https://openalex.org/I21881038|https://openalex.org/I21881038|https://openalex.org/I21881038,True|False|False|False,,0.82417036,3,https://openalex.org/I21881038,Implementation of Cloud-Based Drone Navigation for Swarm Robot Coordination,https://doi.org/10.1109/agers56232.2022.10093315,,0.9239,,False,en,False,closed,,,,,UAV Applications and Optimization,2022-12-21,2022,article
https://openalex.org/W4214893064,"Functional topology shaping is crucial for unmanned aerial vehicles (UAVs) swarm applications, such as remote sensing, precision agriculture, and emergency wireless communication. However, the current research on topology shaping is mostly based on the assumption that the target positions of the nodes are known or have been pre-defined. Moreover, the computational complexity of existing shaping methods is still high. In this paper, a topology shaping method based on a relative coordinate system is proposed to solve the problem of UAV swarm topology shaping with no external source of localization information. Based on the relative coordinates of nodes and target topology shape of the swarm, the topology shaping is transformed into a problem of optimal coordinate mapping from initial relative coordinates to target relative coordinates of nodes with minimized global energy consumption. The Jonker–Volgenant algorithm is employed to solve the optimization problem. As verified by simulations, the proposed method can achieve UAV swarm topology shaping with no external localization information. Furthermore, simulation results show that the proposed method has an average reduction in computation time of 94% in the case of 1000 nodes compared with existing methods with the same level of global energy consumption.",Yanxiang Yang|Xiangyin Zhang|Jiayi Zhou|Bo Li|Kaiyu Qin,https://openalex.org/A5002667319|https://openalex.org/A5103051004|https://openalex.org/A5102917327|https://openalex.org/A5100641022|https://openalex.org/A5075449178,https://orcid.org/0000-0001-6977-6083|https://orcid.org/0000-0003-0435-9582|https://orcid.org/0000-0001-9265-5933|https://orcid.org/0000-0002-7262-8310|https://orcid.org/0000-0002-0812-7095,CN|CN|CN|CN|CN,University of Electronic Science and Technology of China|University of Electronic Science and Technology of China|University of Electronic Science and Technology of China|University of Electronic Science and Technology of China|University of Electronic Science and Technology of China,https://openalex.org/I150229711|https://openalex.org/I150229711|https://openalex.org/I150229711|https://openalex.org/I150229711|https://openalex.org/I150229711,False|True|False|False|False,cc-by,0.90696385,4,https://openalex.org/I150229711,A Relative Coordinate-Based Topology Shaping Method for UAV Swarm with Low Computational Complexity,https://doi.org/10.3390/app12052631,"General Armaments Department, People's Liberation Army",2.2969,,False,en,True,gold,Applied Sciences,https://openalex.org/S4210205812,2076-3417,journal,UAV Applications and Optimization,2022-03-03,2022,article
https://openalex.org/W4220910120,"Abstract Unmanned Aerial Vehicles (UAVs) are offering many global industry sectors the opportunity to adopt more sustainable business models. They offer innovative ways of managing resources and water and offer newer opportunities to address key challenges in many areas like border surveillance, precision agriculture and search and rescue missions. All these new applications areas tend to require the cooperation of groups, or “swarms” of UAVs to provide collaborative sensing and processing solutions. These new scenarios impose new requirements in terms of safety, coordination, and operation management. This paper provides an overview of some of the technical challenges that multirotor UAVs are still facing in terms of aerial coordination and interaction. In this regard, it focusses on recent developments available in the literature and presents some contributions realised during the past few years by the authors addressing UAV interaction to achieve collision‐free flights and swarm‐based missions. Based on the analysis provided in this work, the paper is able to provide insight into the challenges still open that need to be solved in order to enable effective UAV‐based solutions to support sustainable aerial services.",Francisco Fabra|Anna Maria Vegni|Valéria Loscrì|Carlos T. Calafate|Pietro Manzoni,https://openalex.org/A5019595296|https://openalex.org/A5074303469|https://openalex.org/A5044507011|https://openalex.org/A5066242048|https://openalex.org/A5043546527,https://orcid.org/0000-0002-0553-5026|https://orcid.org/0000-0002-3069-298X|https://orcid.org/0000-0003-2558-1801|https://orcid.org/0000-0001-5729-3041|https://orcid.org/0000-0003-3753-0403,ES|IT|FR|ES|ES,Universitat Politècnica de València|Roma Tre University|Centre Inria de l'Université de Lille|Universitat Politècnica de València|Universitat Politècnica de València,https://openalex.org/I60053951|https://openalex.org/I119003972|https://openalex.org/I4210138412|https://openalex.org/I60053951|https://openalex.org/I60053951,False|False|False|True|False,cc-by-nc,0.90731559,4,https://openalex.org/I60053951,Collision‐free cooperative Unmanned Aerial Vehicle protocols for sustainable aerial services,https://doi.org/10.1049/smc2.12028,Ministerio de Ciencia e Innovación,2.2945,,False,en,True,gold,IET Smart Cities,https://openalex.org/S4210203241,2631-7680,journal,UAV Applications and Optimization,2022-03-24,2022,article
https://openalex.org/W4414482474,,Pei Wang|Peixin He|Chunling Ma|Chenxi Niu|Gao Huayu|Hongmei Wang|S.M. Muyeen|Daming Zhou,https://openalex.org/A5100462652|https://openalex.org/A5116107021|https://openalex.org/A5101879508|https://openalex.org/A5108878013|https://openalex.org/A5074660494|https://openalex.org/A5100373327||https://openalex.org/A5032444982,https://orcid.org/0000-0002-9084-5538||https://orcid.org/0000-0003-1428-6495|||https://orcid.org/0000-0002-7213-4986||https://orcid.org/0000-0002-4304-6709,CN|CN|CN|CN|CN|CN|QA|CN,Northwestern Polytechnical University|Northwestern Polytechnical University|Northwestern Polytechnical University|Northwestern Polytechnical University|Northwestern Polytechnical University|Northwestern Polytechnical University|Qatar University|Northwestern Polytechnical University,https://openalex.org/I17145004|https://openalex.org/I17145004|https://openalex.org/I17145004|https://openalex.org/I17145004|https://openalex.org/I17145004|https://openalex.org/I17145004|https://openalex.org/I60342839|https://openalex.org/I17145004,False|False|False|False|False|False|False|True,,0.96928926,5,https://openalex.org/I17145004,A novel path planning approach for plant protection UAV based on DDPG and ILA optimization algorithm,https://doi.org/10.1016/j.compag.2025.111006,,6.5862,,False,en,False,closed,Computers and Electronics in Agriculture,https://openalex.org/S116775814,0168-1699,journal,Robotic Path Planning Algorithms,2025-09-24,2025,article
https://openalex.org/W4316658834,,Pavol Pecho|Patrik Veľký|Samuel Michal Kapustík|Andrej Novák,https://openalex.org/A5090857396|https://openalex.org/A5079868922|https://openalex.org/A5074970180|https://openalex.org/A5047063756,https://orcid.org/0000-0002-4726-6987|https://orcid.org/0009-0006-5476-6847||https://orcid.org/0000-0001-9567-5104,SK|SK|SK|SK,University of Žilina|Vyskumny Ústav Dopravny|University of Žilina|Vyskumny Ústav Dopravny|University of Žilina|Vyskumny Ústav Dopravny|University of Žilina|Vyskumny Ústav Dopravny,https://openalex.org/I3122011922|https://openalex.org/I4210127888|https://openalex.org/I3122011922|https://openalex.org/I4210127888|https://openalex.org/I3122011922|https://openalex.org/I4210127888|https://openalex.org/I3122011922|https://openalex.org/I4210127888,True|False|False|False,,0.82286216,3,https://openalex.org/I3122011922|https://openalex.org/I4210127888,Use of Computer Simulation to Optimize UAV Swarm Flying,https://doi.org/10.1109/ntad57912.2022.10013577,European Regional Development Fund,0.9239,,False,en,False,closed,,,,,UAV Applications and Optimization,2022-11-24,2022,article
https://openalex.org/W4407274906,"This study explores the application of swarm robotics and swarm and evolutionary computing techniques in environmental management and sustainability, a highly specific and increasingly demanding niche research area. Through a bibliometric analysis of two collections of peer-reviewed papers, key trends and emerging research areas are identified. The first collection, comprising approximately 450 papers, focuses on specific applications of swarm robotics systems in environmental use cases, including swarms of UAVs, AUVs, and USVs, particularly in tasks such as ecological monitoring, agricultural management, and disaster response. This analysis highlights essential keyword clusters, with ``ecological restoration'' emerging as a significant topic, and ``agricultural robots'' and ``remote sensing'' as active frontiers. Building on this analysis, eight directions are proposed to address environmental challenges across five categories. The second collection, consisting of around 198 papers, examines the different swarm and evolutionary computing algorithms employed in this niche area, identifying ten significant research clusters. Notably, the ``secure incentive mechanism'' is a trending area, emphasizing the development of reliable and secure cooperative multi-robot systems. Recent methods in this cluster utilize deep reinforcement learning and heuristic algorithms to enhance cooperation efficiency. Five potential directions categorized into two main groups are explored to address security and reliability challenges within swarm robot systems in environmental tasks. The findings underscore the critical role of swarm robotics in environment-focused tasks such as ecosystem recovery and the importance of secure cooperation mechanisms, paving the way for advancements in agriculture, resource management, intelligent infrastructure, and urban systems.",Belkacem Khaldi|Fouzi Harrou|Ying Sun,https://openalex.org/A5037488149|https://openalex.org/A5087572406|https://openalex.org/A5090118631,https://orcid.org/0000-0003-0393-3618|https://orcid.org/0000-0002-2138-319X|https://orcid.org/0000-0001-6703-4270,||,,,True|False|False,cc-by-nc-nd,0.98758227,4,,Collaborative swarm robotics for sustainable environment monitoring and exploration: Emerging trends and research progress,https://doi.org/10.1016/j.nexus.2025.100365,,21.3589,,False,en,True,gold,Energy Nexus,https://openalex.org/S4210238917,2772-4271,journal,UAV Applications and Optimization,2025-02-08,2025,article
https://openalex.org/W4388855857,,Sun Yu|戴定成 Dai Dingcheng,https://openalex.org/A5108279604|https://openalex.org/A5004455329,|,|CN,|81th Hospital of PLA,|https://openalex.org/I4210118317,True|False,,0.54300598,2,,Multi-Objective Mission planning for UAV Swarm Based on Deep Reinforcement Learning,https://doi.org/10.1109/icus58632.2023.10318490,,0.246,,False,en,False,closed,,,,,Robotic Path Planning Algorithms,2023-10-13,2023,article
https://openalex.org/W4213235503,,Chuyu Hu|Liming Ding|Bohan Liu|Shiwei Ding|Jie Huang|Hengzhe Wang|Yuting Liu|Mingxuan Tan,https://openalex.org/A5071546638|https://openalex.org/A5018271778|https://openalex.org/A5039236219|https://openalex.org/A5038962622|https://openalex.org/A5100665867|https://openalex.org/A5078404895|https://openalex.org/A5100364313|https://openalex.org/A5055803647,|https://orcid.org/0000-0002-0928-6848|https://orcid.org/0009-0009-2863-3321||https://orcid.org/0000-0003-2683-8568||https://orcid.org/0000-0001-9940-3667|https://orcid.org/0000-0003-0852-9542,CN|CN|CN|CN|CN|CN|CN|CN,Huaihua University|Huaihua University|Huaihua University|Huaihua University|Huaihua University|Huaihua University|Huaihua University|Huaihua University,https://openalex.org/I12393601|https://openalex.org/I12393601|https://openalex.org/I12393601|https://openalex.org/I12393601|https://openalex.org/I12393601|https://openalex.org/I12393601|https://openalex.org/I12393601|https://openalex.org/I12393601,True|False|False|False|False|False|False|False,,0.55531411,3,https://openalex.org/I12393601,Multi Unmanned Aerial Vehicle Area Coverage Control Based on Enhanced Alpha-Guided Grey Wolf Optimizer,https://doi.org/10.1109/iceitsa54226.2021.00084,Education Department of Hunan Province|Natural Science Foundation of Hunan Province,0.4172,,False,en,False,closed,2021 International Conference on Electronic Information Technology and Smart Agriculture (ICEITSA),https://openalex.org/S4363608476,,conference,UAV Applications and Optimization,2021-12-01,2021,article
https://openalex.org/W4376605560,,Raju Dhakal|Laxima Niure Kandel,https://openalex.org/A5104116519|https://openalex.org/A5008970195,https://orcid.org/0009-0008-0492-2658|https://orcid.org/0000-0002-3933-1187,US|US,Embry–Riddle Aeronautical University|Embry–Riddle Aeronautical University,https://openalex.org/I84475105|https://openalex.org/I84475105,True|False,,0.88025872,5,https://openalex.org/I84475105,A Survey of Physical Layer-Aided UAV Security,https://doi.org/10.1109/icns58246.2023.10124288,,2.2059,,False,en,False,closed,,,,,UAV Applications and Optimization,2023-04-18,2023,article
https://openalex.org/W4393221095,"Abstract Unmanned aerial vehicles (UAVs) are playing an increasing critical role in industrial, agricultural and military Scenario. However, the energy consuming cannot be ignored, which constrains the flying time and quality of service (QoS), especially in large UAV swarm. In this paper, a knowledge graph completion assisted graph neural network (KGC-GNN) is proposed for UAV swarm aiming at optimizing the spectrum resource to improve the energy efficiency (EE). The proposed network consists of two parts: a graph attention network based on relational coding (GATRC) encoder and a task-oriented decoder based on InteractE model named CP-IE. The further simulation demonstrates that our approach can attain near-optimal spectrum resource optimization scheme with higher energy efficiency and achieve rapid convergence with the channel distribution information (CDI), UAV and environment parameters.",Yaodong Wang|Xiaozhou Liao|G Ye|Xiaoyan Zhu,https://openalex.org/A5100779965|https://openalex.org/A5069784195|https://openalex.org/A5112929224|https://openalex.org/A5100671241,https://orcid.org/0000-0002-9697-8673|https://orcid.org/0000-0001-8565-1758||https://orcid.org/0000-0002-1574-8762,||CN|,||Lanzhou Army General Hospital|,||https://openalex.org/I4210112512|,True|False|False|False,cc-by,0.83584499,2,,Knowledge graph completion assisted graph neural network for spectrum resource optimization of UAV swarm,https://doi.org/10.1088/1742-6596/2717/1/012012,,1.5096,,False,en,True,diamond,Journal of Physics Conference Series,https://openalex.org/S4210187594,1742-6588,journal,UAV Applications and Optimization,2024-03-01,2024,article
https://openalex.org/W4361799471,"This paper presents and explores the functionalities of automation and agricultural robotics (agribots) in recent years for agricultural operations. The explicit challenges fronting agribots and automation with regards to the operative implementation of Industry 4.0 are discussed. In this paper, several research works and developments on automation and agribots from different scopes and field areas are reviewed to explore recent agricultural practices. The first technology is on the automation work on developing a control algorithm that uses a single sensor that could recognise landmarks in the row-type plantation environment. This is followed by the navigation of a vehicle using a laser range finder (LRF) to a point-to-go aim location in the plantation by generating a control algorithm equipped with a sensor for an autonomous agricultural vehicle to detect the landmarks in the row-type plantation setting. The second technology is related to an automation device by developing an automated detector and counter (Oto-BaCTM) for bagworm census using deep learning with a Faster Regional Convolutional Neural Network (Faster R-CNN) and normal camera. Meanwhile the third technology is related to agribots via the design and development of a fully automated Agriculture robot (Agribot) for harvesting underground plants (rhizomes) with the assistance of transmission and receiving parts using microcontroller software. Another agribot technology would be on the development of Thorvald II agricultural robotic system, utilising a modularity hardware whereby the robot consists of standard modules and can be reconstructed to handle tasks in various types of environments. The first automation technology results showed the performance of the navigation systems to operate the tractor autonomously along the test path without any crashes on the guide cones. The second automation technology on the Oto-BaCTM performance, produced a positive Pearson product-moment correlation coefficient between the two variables (percentages of detection and temperature), R2 = 0.997 and p = 0.02 for Trial 1 and R2 = 0.888 and p = 0.04 for Trial 2. Meanwhile, the third technology on the Agribot, successfully picked up the rhizome plants, sprayed pesticides, and traced of the soil moisture content. Finally, the last automation technology which was on the development of Thorvald II, came out with positive results on the pass traction test, all&#x0D; obstacles, and the incline test. The harvesting robot detected the ripe tomatoes at a 95% success rate by implementing the self-developed algorithm that applied the Adaboost and APV classifiers. However, a 5% miss detection occurred due to the leaf obstruction. The multi-robot system can be designed to handle pest control tasks via UAVs and UGVs. For weed patch recognition, the developed algorithms showed their robustness by precisely distinguishing and mapping the crop rows with a 100% accuracy, while the inter-row weed patches with an accuracy of 85%, and it was proposed to detect the early growth stage based on the weed maps through site-specific weed management. By implementing a 3D fruit detection algorithm, the precision for pepper, eggplant, and guava datasets was 0.864, 0.886, and 0.888, while the recall dataset was 0.889, 0.762, and 0.812, respectively. The proposed algorithm was effective and robust; hence it is appropriate to be applied as an agricultural harvesting robot. A roadmap in applying swarm robotics is described towards the weed control problems and is being implemented within the Swarm Robotics for Agricultural Applications scope. Thus, a baseline result was introduced specifically for monitoring and mapping out weeds in a field via a swarm of UAVs. Hence, the impact on the use of agribots and automation technologies is the realization of a more efficient systems potential to be operated in safe conditions and are cost effective for the farmers, allowing farmers to focus more on improving overall production yields. As a recommendation, there is a need for research and development of multipurpose and adaptive algorithms to be incorporated into different sensor platforms.",Mohd Najib Ahmad|Mohamad Izzuddin Anuar|Nordiana Abd Aziz|Mohd Azwan Mohd Bakri|Zulkifli Hashim|Idris Abu Seman,https://openalex.org/A5012433251|https://openalex.org/A5084590094|https://openalex.org/A5073997123|https://openalex.org/A5076681807|https://openalex.org/A5038778483|https://openalex.org/A5083286959,https://orcid.org/0000-0003-0253-8755|https://orcid.org/0000-0002-4929-5175||https://orcid.org/0000-0002-6548-2210||,GB|MY|MY|MY|MY|MY|MY,Mineral Products Association|Malaysian Palm Oil Board|Malaysian Palm Oil Board|Malaysian Palm Oil Board|Malaysian Palm Oil Board|Malaysian Palm Oil Board|Malaysian Palm Oil Board,https://openalex.org/I2799517710|https://openalex.org/I1322209998|https://openalex.org/I1322209998|https://openalex.org/I1322209998|https://openalex.org/I1322209998|https://openalex.org/I1322209998|https://openalex.org/I1322209998,True|False|False|False|False|False,cc-by-nc,0.81235036,5,https://openalex.org/I1322209998|https://openalex.org/I2799517710,Addressing functionalities of agricultural robotic (agribots) and automation in the agriculture practices: What’s next?,https://doi.org/10.36877/aafrj.a0000298,,1.0445,,False,en,True,diamond,Advances in Agricultural and Food Research Journal,https://openalex.org/S4210217894,2735-1084,journal,Smart Agriculture and AI,2022-08-30,2022,article
https://openalex.org/W4385805153,"The cellular-connected Unmanned Aerial Vehicles (UAVs) are emerging as integral components of the 5G and beyond system due to their mobility and flexibility. Compared to a traditional single UAV, a flock of UAVs established as a UAV swarm can implement diverse distributed applications economically and efficiently, such as cooperatively smart agriculture, joint search and rescue, and supplementing temporary network connections. However, the GPS spoofing attack can manipulate UAV swarm locations and distort UAV swarm topology, which threatens the security of swarm communication and control. This paper proposes a Graphic Neural Networks (GNN) based GPS spoofing detection approach for cellular-connected UAV swarms. Especially, we propose a system in which the GNN model is used to detect GPS spoofing attacks by analyzing the similarity between the swarm GPS topology and communications topology. To evaluate the proposed neural networks, we use a bipartite graph and Hungarian algorithm to build a UAV swarm simulator. The results show that GNN can efficiently compute topologies’ similarity and detect GPS spoofing attacks. For instance, for a UAV swarm consisting of 10 UAVs, GNN detects the spoofing with accuracy over 90% and computation time of fewer than 10 milliseconds using Intel Core 1.6 GHz processor.",Yongchao Dang|Alp Karakoç|Riku Jäntti,https://openalex.org/A5090201055|https://openalex.org/A5047827005|https://openalex.org/A5059959008,https://orcid.org/0000-0001-8998-8024|https://orcid.org/0000-0002-2010-9607|https://orcid.org/0000-0002-5398-2381,FI|FI|FI,Aalto University|Aalto University|Aalto University,https://openalex.org/I9927081|https://openalex.org/I9927081|https://openalex.org/I9927081,True|False|False,,0.4037946,1,https://openalex.org/I9927081,Graphic Neural Network based GPS Spoofing Detection for Cellular-Connected UAV swarm,https://doi.org/10.1109/vtc2023-spring57618.2023.10200557,Academy of Finland,0.1204,,False,en,True,green,,,,,Robotic Path Planning Algorithms,2023-06-01,2023,article
https://openalex.org/W3201781420,,Kwame Sarfo|Kehao Wang|Miora Rakotomandimby F|Kwadwo Ntiamoah‐Sarpong,https://openalex.org/A5032646393|https://openalex.org/A5005823613|https://openalex.org/A5036518310|https://openalex.org/A5070170524,|https://orcid.org/0000-0001-9843-8104||https://orcid.org/0000-0002-6715-3357,CN|CN|GH|,Institute of Information Engineering|Wuhan University of Technology|Kumasi Technical University|,https://openalex.org/I4210156404|https://openalex.org/I196699116|https://openalex.org/I2801516365|,True|False|False|False,,0.74042368,2,https://openalex.org/I4210156404,Large-scale UAV-Network using the Hata - Okumura model with PSO algorithm for Open Area Communication,https://doi.org/10.1109/icceai52939.2021.00026,,1.13,,False,en,False,closed,2021 International Conference on Computer Engineering and Artificial Intelligence (ICCEAI),https://openalex.org/S4306498837,,conference,UAV Applications and Optimization,2021-08-01,2021,article
https://openalex.org/W4213424676,"The smart city comprises various interlinked elements which communicate data and offers urban life to citizen. Unmanned Aerial Vehicles (UAV) or drones were commonly employed in different application areas like agriculture, logistics, and surveillance. For improving the drone flying safety and quality of services, a significant solution is for designing the Internet of Drones (IoD) where the drones are utilized to gather data and people communicate to the drones of a specific flying region using the mobile devices is for constructing the Internet-of-Drones, where the drones were utilized for collecting the data, and communicate with others. In addition, the SIRSS-CIoD technique derives a tuna swarm algorithm-based clustering (TSA-C) technique to choose cluster heads (CHs) and organize clusters in IoV networks. Besides, the SIRSS-CIoD technique involves the design of a biogeography-based optimization (BBO) technique to an optimum route selection (RS) process. The design of clustering and routing techniques for IoD networks in smart cities shows the novelty of the study. A wide range of experimental analyses is carried out and the comparative study highlighted the improved performance of the SIRSS-CIoD technique over the other approaches.",Mahmoud Ragab|Ali Altalbe|Abdullah Alghamdi|S. Abdel‐Khalek|Rashid A. Saeed,https://openalex.org/A5003500465|https://openalex.org/A5055089149|https://openalex.org/A5026138130|https://openalex.org/A5075183774|https://openalex.org/A5021407862,https://orcid.org/0000-0002-4427-0016|https://orcid.org/0000-0003-1304-3723|https://orcid.org/0000-0001-9259-4536|https://orcid.org/0000-0003-1822-2456|https://orcid.org/0000-0002-9872-081X,||||,,,True|False|False|False|False,cc-by,0.90713017,5,,A Drones Optimal Path Planning Based on Swarm Intelligence Algorithms,https://doi.org/10.32604/cmc.2022.024932,,2.3059,,False,en,True,diamond,"Computers, materials & continua/Computers, materials & continua (Print)",https://openalex.org/S4210191605,1546-2218,journal,UAV Applications and Optimization,2022-01-01,2022,article
https://openalex.org/W4415672982,"This review critically examines advancements in sensing, control, and networking technologies for agricultural robots (AgRobots) and their impact on modern farming. AgRobots—including Unmanned Aerial Vehicles (UAVs), Unmanned Ground Vehicles (UGVs), Unmanned Surface Vehicles (USVs), and robotic arms—are increasingly adopted to address labour shortages, sustainability challenges, and rising food demand. This paper reviews sensing technologies such as cameras, LiDAR, and multispectral sensors for navigation, object detection, and environmental perception. Control approaches, from classical PID (Proportional-Integral-Derivative) to advanced nonlinear and learning-based methods, are analysed to ensure precision, adaptability, and stability in dynamic agricultural settings. Networking solutions, including ZigBee, LoRaWAN, 5G, and emerging 6G, are evaluated for enabling real-time communication, multi-robot coordination, and data management. Swarm robotics and hybrid decentralized architectures are highlighted for efficient collective operations. This review is based on the literature published between 2015 and 2025 to identify key trends, challenges, and future directions in AgRobots. While AgRobots promise enhanced productivity, reduced environmental impact, and sustainable practices, barriers such as high costs, complex field conditions, and regulatory limitations remain. This review is expected to provide a foundation for guiding research and development toward innovative, integrated solutions for global food security and sustainable agriculture.",Chijioke Leonard Nkwocha|Adeayo Adewumi|Samuel O. Folorunsho|Chrisantus Eze|Pius Jjagwe|James Kemeshi|Ning Wang,https://openalex.org/A5117704390|https://openalex.org/A5104078641|https://openalex.org/A5094039924|https://openalex.org/A5018559398|https://openalex.org/A5050396172|https://openalex.org/A5099045198|https://openalex.org/A5100387180,|||https://orcid.org/0000-0001-5440-4316|https://orcid.org/0000-0002-0297-3725|https://orcid.org/0009-0004-3319-3862|,US|US|US|US|US|US|US,Oklahoma State University|Virginia Tech|Purdue University West Lafayette|University of Illinois Urbana-Champaign|Oklahoma State University|Virginia Tech|South Dakota State University|Oklahoma State University,https://openalex.org/I115475287|https://openalex.org/I859038795|https://openalex.org/I219193219|https://openalex.org/I157725225|https://openalex.org/I115475287|https://openalex.org/I859038795|https://openalex.org/I177156846|https://openalex.org/I115475287,True|False|False|False|False|False|False,cc-by,0.96696158,4,https://openalex.org/I115475287|https://openalex.org/I859038795,"A Comprehensive Review of Sensing, Control, and Networking in Agricultural Robots: From Perception to Coordination",https://doi.org/10.3390/robotics14110159,,7.0194,,False,en,True,gold,Robotics,https://openalex.org/S4210232487,2218-6581,journal,Smart Agriculture and AI,2025-10-29,2025,article
https://openalex.org/W4403759231,,Usha Sri Peddibhotla|Randhir Kumar|C C Sobin,https://openalex.org/A5114404623|https://openalex.org/A5016541555|https://openalex.org/A5112581747,|https://orcid.org/0000-0001-9375-2970|,IN|IN|IN,SRM University|SRM University|SRM University,https://openalex.org/I4210131147|https://openalex.org/I4210131147|https://openalex.org/I4210131147,True|False|False,,0.80397253,1,https://openalex.org/I4210131147,HydroDrone: Multi-Drone Network for Secure Task Management in Smart Water Resource Management,https://doi.org/10.1109/mass62177.2024.00098,,0.7548,,False,en,False,closed,,,,,UAV Applications and Optimization,2024-09-23,2024,article
https://openalex.org/W4387149550,,David Clérigues|Jamie Wubben|Carlos T. Calafate|Juan‐Carlos Cano|Pietro Manzoni,https://openalex.org/A5092963747|https://openalex.org/A5036424804|https://openalex.org/A5066242048|https://openalex.org/A5086152745|https://openalex.org/A5043546527,|https://orcid.org/0000-0001-8121-995X|https://orcid.org/0000-0001-5729-3041|https://orcid.org/0000-0002-0038-0539|https://orcid.org/0000-0003-3753-0403,||||,,,True|False|False|False|False,,0.75496515,1,,Supporting Geographically Widespread UAV Swarms Through Graph-Based Network Relaying,https://doi.org/10.1109/dcoss-iot58021.2023.00101,,0.4407,,False,en,False,closed,,,,,UAV Applications and Optimization,2023-06-01,2023,article
https://openalex.org/W4408100737,,Suman Raj|Rajdeep Singh|Kautuk Astu|Yogesh Simmhan,https://openalex.org/A5057609576|https://openalex.org/A5109746077|https://openalex.org/A5116482646|https://openalex.org/A5107958581,https://orcid.org/0000-0002-2707-8479|||,IN|IN|IN|IN,Indian Institute of Science Bangalore|Indian Institute of Science Bangalore|Indian Institute of Science Bangalore|Indian Institute of Science Bangalore,https://openalex.org/I59270414|https://openalex.org/I59270414|https://openalex.org/I59270414|https://openalex.org/I59270414,True|False|False|False,,0.69113874,2,https://openalex.org/I59270414,Towards a Generalized SDK for a Programmable Drones-as-a-Service,https://doi.org/10.1109/hipcw63042.2024.00056,,0.5263,,False,en,False,closed,,,,,Robotic Path Planning Algorithms,2024-12-18,2024,article
https://openalex.org/W4400769423,,Fethi Candan|Muhammet Emre Sanci|Liujun Li,https://openalex.org/A5031784564|https://openalex.org/A5104702239|https://openalex.org/A5001305383,https://orcid.org/0000-0002-0803-610X||https://orcid.org/0000-0002-4245-3628,||,,,True|False|False,,0.50964102,1,,Vision-based Relative Navigation and Drone Swarming Control for Inspection in GPS-denied Environment,https://doi.org/10.13031/aim.202401277,,0.2632,,False,en,False,closed,,,,,Robotic Path Planning Algorithms,2024-01-01,2024,article
https://openalex.org/W4402157338,,Syed M. Raza|Md Masuduzzaman|Soo Young Shin,https://openalex.org/A5022697983|https://openalex.org/A5010537174|https://openalex.org/A5101769002,https://orcid.org/0000-0001-6580-3232|https://orcid.org/0000-0001-8039-3673|https://orcid.org/0000-0002-2526-2395,KR|KR|KR,Kumoh National Institute of Technology|Kumoh National Institute of Technology|Kumoh National Institute of Technology,https://openalex.org/I113409471|https://openalex.org/I113409471|https://openalex.org/I113409471,True|False|False,,0.84330985,2,https://openalex.org/I113409471,UxV-Swarm based Automated Fruits Disease Instance Segmentation for Smart Farming using Deep Learning Model,https://doi.org/10.1109/icufn61752.2024.10625555,"Indian Institute of Technology, Patna|National Research Foundation of Korea|Ministry of Science and ICT, South Korea|Interdisciplinary Center for Analytics on the Nanoscale, University of Duisburg-Essen",1.2967,,False,en,False,closed,,,,,Smart Agriculture and AI,2024-07-02,2024,article
https://openalex.org/W4388201084,"Nowadays, the intelligent unmanned agricultural unmanned aerial vehicle (UAV) swarm collaboration network (AUSCN) has fully demonstrated its advantages in agricultural monitoring and management. By using an AUSCN, multi-machine cooperation can be realized to expand the detection range, and more complex tasks can be completed without human participation, so as to improve work efficiency and reduce the consumption of manpower and material resources. In AUSCNs, clustering is a key method to lower energy consumption. However, there is a challenge to select cluster heads in AUSCNs because of the limitation of transmission distances and the complexity of network topological structures. In addition, this problem has been confirmed as NP-hard. In this paper, a new niche adaptive elite evolutionary algorithm (NAEEA) is proposed to solve this problem. NAEEAs can search within various complicated stochastic situations at high speeds with characterized high precision and fast convergence. This algorithm integrates the merits of elite selection and adaptive adjusting to achieve high performance. In NAEEAs, a new adaptive operator is designed to speed up the convergence rate, while a novel elite operator is proposed to avoid local optima and raise the exploration ability. Furthermore, a new niche operator is also proposed to increase the population diversity. The simulation results show that, compared with an evolutionary algorithm (EA), a simulated annealing algorithm (SA) and a leapfrog algorithm (SFLA), clustering energy consumption based on an NAEEA is significantly reduced, and the network energy consumption of the AUSCN is up to 21.43%, 25.00% and 25.76% lower than the other three algorithms, respectively.",Qin Zhong|Jie Zhou|Yao Zhang,https://openalex.org/A5082500513|https://openalex.org/A5057768736|https://openalex.org/A5100446940,https://orcid.org/0000-0001-6276-3482|https://orcid.org/0000-0001-7006-2889|https://orcid.org/0000-0001-6930-2734,CN|CN|CN,Xidian University|Shihezi University|Shihezi University,https://openalex.org/I149594827|https://openalex.org/I102208913|https://openalex.org/I102208913,False|False|True,cc-by,0.87256349,4,https://openalex.org/I102208913,A Niche Adaptive Elite Evolutionary Algorithm for the Clustering Optimization of Intelligent Unmanned Agricultural Unmanned Aerial Vehicle Swarm Collaboration Networks,https://doi.org/10.3390/app132111700,,1.836,,False,en,True,gold,Applied Sciences,https://openalex.org/S4210205812,2076-3417,journal,UAV Applications and Optimization,2023-10-26,2023,article
https://openalex.org/W4391251758,"Flying ad-hoc network (FANET) has been growing rapidly and can utilized in sectors such as disaster response, healthcare, military, agriculture, and more. These networks utilize Unmanned aerial vehicles (UAVs), required advanced routing algorithms for effective communication. Due to the lack of suitable routing algorithms, FANETs often encounter communication issues. This article explores the integration of Nature-inspired based routing algorithms into the FANET framework. Specifically, it examines the two distinct algorithms namely, swarm intelligence and genetic algorithms. Simulated results demonstrate the superiority of the proposed algorithm over standard benchmark schemes. Validation of the proposed algorithm using performance parameters, such as throughput, reveals significant improvements over benchmark schemes. Moreover, the packet delivery ratio for providing resources to FANET users is 98% while achieving minimum end-to-end delay for the proposed scheme. These findings underscore the potential of Nature-inspired algorithms (NIAs) across various scenarios within the FANET framework.",Amrita Yadav,https://openalex.org/A5017756588,https://orcid.org/0000-0001-8703-5107,IN,Banasthali University,https://openalex.org/I102117144,True,,0.93028133,3,https://openalex.org/I102117144,Performance evaluation of routing in flying ad-hoc networks using nature-inspired algorithms,https://doi.org/10.3233/idt-230802,,4.071,,False,en,True,bronze,Intelligent Decision Technologies,https://openalex.org/S119727669,1872-4981,journal,UAV Applications and Optimization,2024-01-26,2024,article
https://openalex.org/W4413279432,"The main purpose of this paper is to explore the benefits of combining two radio interfaces onboard an unmanned aerial vehicle (UAV) to communicate with a ground control station (GCS) and other UAVs inside a swarm. The goals are to use the IEEE 802.11ah standard (Wi-Fi HaLow) combined with the IEEE 802.11ax specification (Wi-Fi 6/6E) to enable real-time video transmission from UAVs to the GCS. While airport runway inspection serves as the proof-of-concept use case, the proposed multi-hop architectures apply to other medium-range UAV operations (i.e., a few kilometers) requiring real-time video transmission, such as natural disaster relief and agricultural monitoring. Several scenarios in which a UAV swarm performs infrastructure inspection are emulated. During the missions, UAVs have to send real-time video to the GCS through a multi-hop network when some damage in the infrastructure is found. The different scenarios are studied by means of emulation. Emulated scenarios are defined using different network architectures and radio technologies. Once the emulations finish, different performance metrics related to time, energy and the multi-hop video transmission network are analyzed. The capacity of a multi-hop network is a limiting factor for the transmission of high-quality video. As a first contribution, an expression to find this capacity from distances between UAVs in the emulated scenario is found using the NS-3 simulator. Then, this expression is applied in the algorithms in charge of composing the multi-hop network to offer on-demand quality video. However, the main contribution of this work lies in the development of efficient mechanisms for exchanging control information between UAVs and the GCS, and for forming a multi-hop network to transmit video.",Guido Betcher-Sbrolla|Elena López-Aguilera|Eduard García-Villegas,https://openalex.org/A5119330689|https://openalex.org/A5070567811|https://openalex.org/A5016253952,|https://orcid.org/0000-0002-6987-8466|https://orcid.org/0000-0002-6005-9608,ES|ES|ES,Universitat Politècnica de Catalunya|Universitat Politècnica de Catalunya|Universitat Politècnica de Catalunya,https://openalex.org/I9617848|https://openalex.org/I9617848|https://openalex.org/I9617848,True|False|False,cc-by,0.95303387,1,https://openalex.org/I9617848,Analysis and Proposal of Strategies for the Management of Drone Swarms Through Wi-Fi Technologies,https://doi.org/10.3390/drones9080584,Generalitat de Catalunya|Ministerio de Ciencia e Innovación|Agencia Estatal de Investigación,5.2163,,False,en,True,gold,Drones,https://openalex.org/S4210193350,2504-446X,journal,UAV Applications and Optimization,2025-08-18,2025,article
https://openalex.org/W4410788232,"In the current era of intelligent technologies, comprehensive and precise regional coverage path planning is critical for tasks such as environmental monitoring, emergency rescue, and agricultural plant protection. Owing to their exceptional flexibility and rapid deployment capabilities, unmanned aerial vehicles (UAVs) have emerged as the ideal platforms for accomplishing these tasks. This study proposes a swarm A*-guided Deep Q-Network (SADQN) algorithm to address the coverage path planning (CPP) problem for UAV swarms in complex environments. Firstly, to overcome the dependency of traditional modeling methods on regular terrain environments, this study proposes an improved cellular decomposition method for map discretization. Simultaneously, a distributed UAV swarm system architecture is adopted, which, through the integration of multi-scale maps, addresses the issues of redundant operations and flight conflicts in multi-UAV cooperative coverage. Secondly, the heuristic mechanism of the A* algorithm is combined with full-coverage path planning, and this approach is incorporated at the initial stage of Deep Q-Network (DQN) algorithm training to provide effective guidance in action selection, thereby accelerating convergence. Additionally, a prioritized experience replay mechanism is introduced to further enhance the coverage performance of the algorithm. To evaluate the efficacy of the proposed algorithm, simulation experiments were conducted in several irregular environments and compared with several popular algorithms. Simulation results show that the SADQN algorithm outperforms other methods, achieving performance comparable to that of the baseline prior algorithm, with an average coverage efficiency exceeding 2.6 and fewer turning maneuvers. In addition, the algorithm demonstrates excellent generalization ability, enabling it to adapt to different environments.",Zhuoyan Xie|Qi Wang|Bin Kong|Shang Gao,https://openalex.org/A5018313844|https://openalex.org/A5100341230|https://openalex.org/A5101560781|https://openalex.org/A5101458036,|https://orcid.org/0000-0001-8665-3771|https://orcid.org/0000-0002-7678-3123|https://orcid.org/0000-0002-1595-3176,|||,,,True|False|False|False,,0.8102446,1,,Enhanced Coverage Path Planning Strategies for UAV Swarms Based on SADQN Algorithm,https://doi.org/10.32604/cmc.2025.064147,,1.319,,False,en,True,diamond,"Computers, materials & continua/Computers, materials & continua (Print)",https://openalex.org/S4210191605,1546-2218,journal,Robotic Path Planning Algorithms,2025-01-01,2025,article
https://openalex.org/W4285231528,"The unprecedented proliferation of Unmanned Aerial Vehicles (UAVs), and Swarm Unmanned Aerial Vehicles (SUAVs) has garnered considerable attention from industry and academia owing to their extensive landscape of applications from disaster relief towards smart agriculture. However, flying several UAVs at once poses many challenges to safely and efficiently localize and monitor them. Further, they need to maintain their formation distance to avoid collision between team members and any environmental obstacles. Besides, SUAVs are mainly equipped with an on-board Global Positioning System (GPS) receivers to obtain their positions, but they are not accurate enough and suffer from several vulnerabilities that restrict their applications. Thus, in GPS-denied situations, the acquisition of the positions of UAVs can be assisted by alternative technologies and solutions. This paper is one of the foremost in-depth work that presents, the topic of localization of SUAVs from various perspectives including current research challenges on positioning systems, telecommunication, path planning, along with future opportunities on automated delivery services such as medicine, a remote inspection of industrial sites, and precision agriculture.",Manel Khelifi|İsmail Bütün,https://openalex.org/A5079420157|https://openalex.org/A5060274685,https://orcid.org/0000-0003-2921-2376|https://orcid.org/0000-0002-1723-5741,DE|SE|TR,Fortiss|Technical University of Munich|Konya Food and Agriculture University|KTH Royal Institute of Technology,https://openalex.org/I4210134795|https://openalex.org/I62916508|https://openalex.org/I2799958217|https://openalex.org/I86987016,True|False,cc-by,0.72700557,1,https://openalex.org/I4210134795|https://openalex.org/I62916508,Localization in Unprecedentedly Crowded Airspace for UAVs and SUAVs,https://doi.org/10.1109/access.2022.3181377,Kungliga Tekniska Högskolan,0.3079,,False,en,True,gold,IEEE Access,https://openalex.org/S2485537415,2169-3536,journal,UAV Applications and Optimization,2022-01-01,2022,article
https://openalex.org/W4411809140,"In recent years, rapid technological developments in information and communication technologies have increased the strategic value of UAVs. In this study, the development processes in terms of UAV technology in Turkey and Russia and their integration into the civil and defense sectors are analyzed comparatively. The two countries have pursued alternative strategies in terms of geographical, industrial, and strategic environments and have invested heavily in UAV technology. This study aims to contribute to scientific studies by determining thematic trends, technological areas, and strategic priorities in terms of UAV studies and applications in both countries. Using bibliometric analysis techniques, annual publications, keyword analysis, and trends in cooperation networks were analyzed in terms of information obtained from the Scopus database between 2005-2025. According to the analysis, Russia focuses on military use of UAV technology and has developed significant improvements in terms of swarm control systems, energy efficiency, and secure communication. Turkey, on the other hand, supports domestic production in the defense sector as well as in civilian applications such as agriculture, disaster management, and infrastructure monitoring, and focuses on 5G integration with artificial intelligence-based optimizations. In this study, individual approaches of Türkiye and Russia in terms of UAV technology and their value in terms of international defense and sustainable development were emphasized and it was determined that UAV technology has a widespread potential in terms of both scientific and applicable studies.",Beyza GÜDEK|Sharabiddin Ahmayev|Serhat Peker,https://openalex.org/A5093060021|https://openalex.org/A5118711472|https://openalex.org/A5088027215,https://orcid.org/0000-0002-7432-9234||https://orcid.org/0000-0002-6876-3982,TR|TR|TR,Karadeniz Technical University|Bakırçay Üniversitesi|Izmir University|Izmir University,https://openalex.org/I162720556|https://openalex.org/I4387152504|https://openalex.org/I132257509|https://openalex.org/I132257509,True|False|False,other-oa,0.94971231,1,https://openalex.org/I162720556,A Bibliometric Analysis on The Use of Unmanned Aerial Vehicles: A Comparative Study of Russia and Türkiye,https://doi.org/10.51534/tiha.1660404,,5.5514,,False,en,True,hybrid,Türkiye İnsansız Hava Araçları Dergisi,https://openalex.org/S4210205591,2687-6094,journal,UAV Applications and Optimization,2025-06-30,2025,article
https://openalex.org/W4413949792,,Shuai Huang|Youfa Fu|Dan Liu|Jiadui Chen|Ling He|Jie Zhang,https://openalex.org/A5101961858|https://openalex.org/A5109680819|https://openalex.org/A5100688418|https://openalex.org/A5010555077|https://openalex.org/A5055034748|https://openalex.org/A5100436639,https://orcid.org/0000-0003-4833-0407|https://orcid.org/0009-0000-8817-2146|https://orcid.org/0000-0003-2407-3979|https://orcid.org/0000-0003-3078-5147|https://orcid.org/0000-0001-5570-1320|https://orcid.org/0000-0001-7750-2197,CN|CN|CN|CN|CN|CN,Guizhou University|Guizhou University|Guizhou University|Guizhou University|Guizhou University|Guizhou University,https://openalex.org/I178232147|https://openalex.org/I178232147|https://openalex.org/I178232147|https://openalex.org/I178232147|https://openalex.org/I178232147|https://openalex.org/I178232147,True|False|False|False|False|False,,0.9168871,2,https://openalex.org/I178232147,DLC-NGO: an enhanced northern goshawk optimization for 3D UAV path planning in complex environments with multiple threats,https://doi.org/10.1007/s10586-025-05358-1,Guizhou Science and Technology Department,2.7335,,False,en,False,closed,Cluster Computing,https://openalex.org/S106148199,1386-7857,journal,Robotic Path Planning Algorithms,2025-09-03,2025,article
https://openalex.org/W4391382635,,Umakant B. Gohatre|Venkat P. Patil|Smita Y. Wadekar,https://openalex.org/A5011201016|https://openalex.org/A5020491656|https://openalex.org/A5093828058,https://orcid.org/0000-0002-1750-3574||,||,,,True|False|False,,0.7741364,1,,Effective Information Gathering in a Three-Dimensional Setting Through the Unmanned Aerial Vehicles and Wireless Sensor Networks,https://doi.org/10.1109/idicaiei58380.2023.10406473,,0.4407,,False,en,False,closed,,,,,UAV Applications and Optimization,2023-11-27,2023,article
https://openalex.org/W4416807412,"This paper investigates the co-optimization problem of task allocation and path planning in multi-UAV collaborative systems. Addressing the challenges of strong coupling, high dimensionality, and real-time requirements in dynamic complex environments, a distributed co-optimization framework integrating hierarchical planning concepts with spatiotemporal constraints is proposed. By constructing a multi-objective mixed-integer programming model, designing a lightweight event-triggered task allocation algorithm (improved CBBA), and integrating a hierarchical path planning strategy (global meta-heuristic search + local model predictive control), the framework enhances task execution efficiency and system robustness while reducing communication overhead. Simulation and experimental results demonstrate its superior performance in typical scenarios such as disaster relief and precision agriculture. This research provides an efficient, reliable, and scalable solution for practical applications involving large-scale heterogeneous UAV swarms, holding significant theoretical implications and engineering value.",Yanjie Zeng,https://openalex.org/A5047399310,https://orcid.org/0000-0002-5175-7797,,,,True,cc-by-nc,0.87061537,1,,Research on Task Assignment and Path Planning Algorithm for Multi-UAV Collaboration,https://doi.org/10.54097/pwf3gz70,,1.3734,,False,,True,diamond,Frontiers in Computing and Intelligent Systems,https://openalex.org/S4387283309,2832-6024,journal,Robotic Path Planning Algorithms,2025-11-29,2025,article
https://openalex.org/W4377704373,,Kapil Mehta|Vandana Mohindru|Aayushi Aayushi|Pratham Chhabra,https://openalex.org/A5077873968|https://openalex.org/A5006269052|https://openalex.org/A5057141705|https://openalex.org/A5029628325,https://orcid.org/0000-0002-8092-4574|https://orcid.org/0000-0002-2994-9637||,IN|IN|IN|IN,Punjab Engineering College|Chandigarh University|Chitkara University|Punjab Engineering College|Chandigarh University|Chandigarh University|Punjab Engineering College,https://openalex.org/I860003557|https://openalex.org/I101407740|https://openalex.org/I74319210|https://openalex.org/I860003557|https://openalex.org/I101407740|https://openalex.org/I101407740|https://openalex.org/I860003557,True|False|False|False,,0.76614635,1,https://openalex.org/I101407740|https://openalex.org/I860003557,Intelligent Technique for Smart Locust Swarm Detection and Prevention Shield for Agricultural Fields,https://doi.org/10.1109/delcon57910.2023.10127416,,0.4123,,False,en,False,closed,,,,,Smart Agriculture and AI,2023-02-24,2023,article
https://openalex.org/W4392809576,"&lt;abstract&gt; &lt;p&gt;Smart agricultural techniques employ current information and communication technologies, leveraging artificial intelligence (AI) for effectually managing the crop. Recognizing rice seedlings, which is crucial for harvest estimation, traditionally depends on human supervision but can be expedited and enhanced via computer vision (CV). Unmanned aerial vehicles (UAVs) equipped with high-resolution cameras bestow a swift and precise option for crop condition surveillance, specifically in cloudy states, giving valuable insights into crop management and breeding programs. Therefore, we improved an enhanced tunicate swarm algorithm with deep learning-based rice seedling classification (ETSADL-RSC). The presented ETSADL-RSC technique examined the UAV images to classify them into two classes: Rice seedlings and arable land. Initially, the quality of the pictures could be enhanced by a contrast limited adaptive histogram equalization (CLAHE) approach. Next, the ETSADL-RSC technique used the neural architectural search network (NASNet) method for the feature extraction process and its hyperparameters could be tuned by the ETSA model. For rice seedling classification, the ETSADL-RSC technique used a sparse autoencoder (SAE) model. The experimental outcome study of the ETSADL-RSC system was verified for the UAV Rice Seedling Classification dataset. Wide simulation analysis of the ETSADL-RSC model stated the greater accuracy performance of 97.79% over other DL classifiers.&lt;/p&gt; &lt;/abstract&gt;",Manal Abdullah Alohali|Fuad Al-Mutiri|Kamal M. Othman|Ayman Yafoz|Raed Alsini|Ahmed S. Salama,https://openalex.org/A5018019909|https://openalex.org/A5012463978|https://openalex.org/A5016210029|https://openalex.org/A5072417913|https://openalex.org/A5087092240|https://openalex.org/A5024079346,https://orcid.org/0000-0002-1975-5345||https://orcid.org/0000-0003-0217-0751|https://orcid.org/0000-0003-0320-2583|https://orcid.org/0000-0002-3163-575X|https://orcid.org/0000-0002-1066-8261,SA|SA|SA|SA|SA|EG|SA,Princess Nourah bint Abdulrahman University|King Khalid University|Umm al-Qura University|King Abdulaziz University|King Abdulaziz University|Umm al-Qura University|Princess Nourah bint Abdulrahman University|King Khalid University|Future University in Egypt|King Abdulaziz University,https://openalex.org/I106778892|https://openalex.org/I82952536|https://openalex.org/I199693650|https://openalex.org/I185163786|https://openalex.org/I185163786|https://openalex.org/I199693650|https://openalex.org/I106778892|https://openalex.org/I82952536|https://openalex.org/I186217134|https://openalex.org/I185163786,False|False|False|False|False|True,cc-by,0.76946256,1,https://openalex.org/I106778892|https://openalex.org/I185163786|https://openalex.org/I186217134|https://openalex.org/I199693650|https://openalex.org/I82952536,An enhanced tunicate swarm algorithm with deep-learning based rice seedling classification for sustainable computing based smart agriculture,https://doi.org/10.3934/math.2024498,,0.7257,,False,en,True,gold,AIMS Mathematics,https://openalex.org/S4210179087,2473-6988,journal,Smart Agriculture and AI,2024-01-01,2024,article
https://openalex.org/W4411531429,"Drone-assisted agronomy leverages unmanned aerial vehicles (UAVs) to monitor crops and apply inputs with unprecedented precision. Advances in drone technology, sensor payloads and data analytics have transformed farming by enabling targeted crop mapping, early stress detection and efficient spraying. This article reviews the evolution of agricultural drones and explores their applications in remote sensing and precision spraying. We discuss how data-driven interventions combining drone imagery, AI and cloud analytics optimize irrigation, fertilization and pest control. Global case studies (China, India, Brazil, U.S. and Europe) illustrate real-world benefits and adoption. We analyze economic aspects (costs, ROI) showing that drones can reduce labour and input expenses by roughly 20-30% per hectare. The report also examines regulatory frameworks in key regions (USA, EU, India, Brazil) and considers environmental impacts (reduced chemical usage, water and carbon savings). Technical challenges (battery life, payload limits, data complexity) and social concerns (skills training, privacy) are highlighted. Finally, we discuss future outlooks such as AI-driven swarms, solar-powered platforms and tighter integration with IoT positioning drone agronomy as a critical component of sustainable, precision agriculture.",Tanya Singh|Rupasree Mukhopadhyay|Ravita|Shashidhar Ks|Nayan Deep|Tarannum Tarannum|Shikha Chaudhary|Dipsika Paramjita|Atul Kumar Goyal|Gurpreet Singh,https://openalex.org/A5101965789|https://openalex.org/A5000618391|https://openalex.org/A5117690932|https://openalex.org/A5112561856|https://openalex.org/A5111346411|https://openalex.org/A5011290590|https://openalex.org/A5021652033|https://openalex.org/A5070422787|https://openalex.org/A5051870357|https://openalex.org/A5089663370,https://orcid.org/0000-0001-7017-5680|||||https://orcid.org/0000-0001-7893-2236|https://orcid.org/0000-0002-5932-0581||https://orcid.org/0000-0001-7391-4207|https://orcid.org/0000-0002-6213-4034,|||||||||,,,True|False|False|False|False|False|False|False|False|False,,0.87156927,1,,"Drone-assisted agronomy: Monitoring, spraying and precision application in the field",https://doi.org/10.33545/2618060x.2025.v8.i6i.3094,,1.9408,,False,en,True,bronze,International Journal of Research in Agronomy,https://openalex.org/S4210239748,2618-060X,journal,Smart Agriculture and AI,2025-06-01,2025,article
https://openalex.org/W4415651663,"Introduction This work presents an adaptive ant colony (AdCO) framework for dynamic task management in heterogeneous Non-Terrestrial Network–Internet of Things (NTN-IoT) systems integrating Unmanned Aerial Vehicles (UAVs) and Low Earth Orbit (LEO) satellites. The framework addresses key challenges such as stochastic mobility, intermittent connectivity, and latency-sensitive operations common in large-scale IoT deployments. Methods The proposed approach employs adaptive pheromone learning, heuristic control, and multi-timescale scheduling. It follows a hierarchical co-optimization strategy, where UAV swarms perform edge-side task allocation while LEO satellites handle relay scheduling during orbital passes. Event-triggered pheromone resets and distributionally robust cost modeling are introduced to maintain stability and adaptability under dynamic network conditions. Results Simulation results demonstrate superior performance compared to classical Ant Colony Optimization (ACO) and recent meta-heuristic methods. The proposed model achieves higher task completion ratios, reduced end-to-end latency, and enhanced energy-normalized throughput across different orbital configurations, traffic patterns, and link failures. Discussion The findings confirm the efficiency and resilience of the proposed framework in NTN-IoT operations. Its adaptability makes it suitable for critical applications such as disaster response, precision agriculture, and maritime monitoring, where real-time coordination and reliability are essential.",Hitesh Mohapatra,https://openalex.org/A5087871878,https://orcid.org/0000-0001-8100-4860,IN,KIIT University,https://openalex.org/I67357951,True,cc-by,0.96238241,1,https://openalex.org/I67357951,Adaptive ant colony methods for UAV LEO coordination in non terrestrial IoT,https://doi.org/10.3389/frcmn.2025.1691346,,5.4839,,False,en,True,gold,Frontiers in Communications and Networks,https://openalex.org/S4210213607,2673-530X,journal,UAV Applications and Optimization,2025-10-29,2025,article
https://openalex.org/W4415619194,"As a pioneering solution for precision agriculture, unmanned, robotics-centred greenhouse farms have become a key technological pathway for intelligent upgrades. The robotic arm is the core unit responsible for achieving full automation, and the level of technological development of this unit directly affects the productivity and intelligence of these farms. This review aims to systematically analyze the current applications, challenges, and future trends of robotic arms and their key technologies within unmanned greenhouse. The paper systematically classifies and compares the common types of robotic arms and their mobile platforms used in greenhouses. It provides an in-depth exploration of the core technologies that support efficient manipulator operation, focusing on the design evolution of end-effectors and the perception algorithms for plants and fruit. Furthermore, it elaborates on the framework for integrating individual robots into collaborative systems analyzing typical application cases in areas such as plant protection and fruit and vegetable harvesting. The review concludes that greenhouse robotic arm technology is undergoing a profound transformation evolving from single-function automation towards system-level intelligent integration. Finally, it discusses the future development directions highlighting the importance of multi-robot systems, swarm intelligence, and air-ground collaborative frameworks incorporating unmanned aerial vehicles (UAVs) in overcoming current limitations and achieving fully autonomous greenhouses.",Songchao Zhang|Tianxi Liu|Xiang Li|Chen Cai|Chun Chang|Xinyu Xue,https://openalex.org/A5031286830|https://openalex.org/A5110902728|https://openalex.org/A5100609606|https://openalex.org/A5103885620|https://openalex.org/A5112997993|https://openalex.org/A5002776441,https://orcid.org/0000-0001-9146-449X||https://orcid.org/0000-0001-8688-4019|https://orcid.org/0000-0002-7596-6307||,CN|CN|CN|CN|CN|CN,Ministry of Agriculture and Rural Affairs|Nanjing Institute of Agricultural Mechanization|Ministry of Agriculture and Rural Affairs|Nanjing Institute of Agricultural Mechanization|Nanjing Institute of Agricultural Mechanization|Ministry of Agriculture and Rural Affairs|Nanjing Institute of Agricultural Mechanization|Ministry of Agriculture and Rural Affairs|Nanjing Institute of Agricultural Mechanization|Ministry of Agriculture and Rural Affairs|Nanjing Institute of Agricultural Mechanization,https://openalex.org/I4210151987|https://openalex.org/I4210166367|https://openalex.org/I4210151987|https://openalex.org/I4210166367|https://openalex.org/I4210166367|https://openalex.org/I4210151987|https://openalex.org/I4210166367|https://openalex.org/I4210151987|https://openalex.org/I4210166367|https://openalex.org/I4210151987|https://openalex.org/I4210166367,False|False|True|False|False|True,cc-by,0.88517424,1,https://openalex.org/I4210151987|https://openalex.org/I4210166367,Key Technologies of Robotic Arms in Unmanned Greenhouse,https://doi.org/10.3390/agronomy15112498,,1.7548,,False,en,True,gold,Agronomy,https://openalex.org/S2738977497,2073-4395,journal,Smart Agriculture and AI,2025-10-28,2025,article
https://openalex.org/W4393385245,"The integration of Artificial Intelligence (AI) with drone technology has revolutionized various industries, from agriculture and construction to defense and emergency response. This paper aims to provide an overview of the multifaceted role AI plays in enhancing drone capabilities and addressing challenges in different domains.Firstly, the paper discusses how AI-driven autonomy enables drones to perform complex tasks autonomously, such as navigation, obstacle avoidance, and mission planning. Advanced algorithms, including machine learning and computer vision, empower drones to interpret and respond to dynamic environments in real-time, significantly expanding their operational capabilities.Secondly, the paper examines the crucial role of AI in data processing and analysis for drones. AI algorithms enable drones to collect, process, and analyze vast amounts of data quickly and efficiently, extracting actionable insights for various applications. In agriculture, for instance, drones equipped with AI can analyze crop health, identify pest infestations, and optimize resource allocation for improved yields.Furthermore, the paper explores how AI enhances the security and safety of drone operations. AI-powered systems enable drones to detect and mitigate potential risks, such as unauthorized access, airspace violations, and mechanical failures, thereby ensuring safer and more reliable operations, especially in densely populated areas or sensitive environments. Moreover, the paper discusses the implications of AI in enabling swarming capabilities among drones. Through collaborative AI algorithms, drones can coordinate their actions, communicate intelligently, and achieve collective goals efficiently, leading to applications like search and rescue, surveillance, and infrastructure inspection on a large scale. Lastly, the paper addresses the ethical and regulatory considerations associated with the integration of AI in drone technology, including privacy concerns, algorithmic biases, and the need for transparent decision-making processes. Keywords: AI-enabled drones, Autonomous UAVs, Drone autonomy, AI-driven navigation, Machine learning for drones, and Drone surveillance","Assistant Professor, Department of Computer Science",,,,,,True,,0.76562208,1,,Skybound Intelligence: AI's Impact on Drone Technology,https://doi.org/10.55041/ijsrem29819,,0.7561,,False,en,True,bronze,INTERANTIONAL JOURNAL OF SCIENTIFIC RESEARCH IN ENGINEERING AND MANAGEMENT,https://openalex.org/S4210240841,2582-3930,journal,UAV Applications and Optimization,2024-04-01,2024,article
https://openalex.org/W4381855837,"Abstract: This study offers a thorough analysis of autonomous UAV swarming, focusing on its merits, important technologies, applications, difficulties, and prospects for the future. The idea of autonomous UAV swarming entails the coordination and decentralised cooperation of several UAVs to accomplish common objectives. The foundations of UAV swarming are thoroughly covered, including its essential ideas, advantages, architectures, and swarm behaviour. We emphasise the role of artificial intelligence (AI), more especially reinforcement learning (RL) and particle swarm optimisation (PSO), in promoting thoughtful decision-making, task allocation, and coordination within UAV swarms. The study examines the many uses of autonomous UAV swarming in fields including infrastructure inspection, search and rescue, agriculture, and disaster response. It also discusses UAV swarming's difficulties and restrictions, such as scalability, communication, fault tolerance, and ethical issues. In addition to standardisation initiatives, the study suggests future research possibilities for swarm intelligence, edge computing, cognitive capacities, and human swarm interaction.",Onasvee Banarse,https://openalex.org/A5092252481,,IN,AISSMS Institute of Information Technology,https://openalex.org/I4387153387,True,,0.12274358,0,https://openalex.org/I4387153387,Autonomous UAV Swarms: Powering Up with AI,https://doi.org/10.22214/ijraset.2023.54336,,0.0,,False,en,True,diamond,International Journal for Research in Applied Science and Engineering Technology,https://openalex.org/S2764566388,2321-9653,journal,UAV Applications and Optimization,2023-06-24,2023,article
https://openalex.org/W4404511129,,Dmitry Kovalev|E.V. Tueva|S.R. Kuzmik,https://openalex.org/A5003073146|https://openalex.org/A5039237901|https://openalex.org/A5114704259,https://orcid.org/0000-0001-5308-308X||,||,,,True|False|False,,0.1160007,0,,Analysis of collaborative navigation modes in swarm application of UAVs in precision farming systems,https://doi.org/10.47813/nto.5.2024.2004,,0.0,,False,en,False,closed,,,,,UAV Applications and Optimization,2024-11-01,2024,article
https://openalex.org/W4385626004,,Murat Bakırcı|Muhammed Mirac Özer,https://openalex.org/A5016506936|https://openalex.org/A5076356362,https://orcid.org/0000-0003-2092-1168|https://orcid.org/0000-0002-8899-3953,TR|TR,Tarsus University|Tarsus University,https://openalex.org/I4210132115|https://openalex.org/I4210132115,True|False,,0.04251665,0,https://openalex.org/I4210132115,Gaining Swarm Behavior through Establishing a Control System and Communication Network on Unmanned Aerial Vehicles,https://doi.org/10.1109/rast57548.2023.10197953,,0.0,,False,en,False,closed,,,,,UAV Applications and Optimization,2023-06-07,2023,article
https://openalex.org/W7131125561,,Maneet Kaur|Avinash Kaur|Parminder Singh,https://openalex.org/A5008639890|https://openalex.org/A5055522022|https://openalex.org/A5100640929,https://orcid.org/0000-0002-1923-6705|https://orcid.org/0000-0003-3534-4121|https://orcid.org/0000-0002-0750-6309,IN|IN|IN,Lovely Professional University|Lovely Professional University|Lovely Professional University,https://openalex.org/I110360157|https://openalex.org/I110360157|https://openalex.org/I110360157,True|False|False,,0.75031576,0,https://openalex.org/I110360157,Adaptive Graph Embedding-Based DRL Approach for Intelligent UAV Swarm Trajectory Planning,https://doi.org/10.1109/upwiecon67212.2025.11390351,,0.0,,False,,False,closed,,,,,Robotic Path Planning Algorithms,2025-10-30,2025,article
https://openalex.org/W7127670499,"This study presents a comprehensive analysis and comparison of swarm intelligence algorithms for controlling unmanned aerial vehicle (UAV) swarms in dynamic environments. The research focuses on Particle Swarm Optimization, Ant Colony Optimization, and Artificial Bee Colony algorithms, examining their operational principles, advantages, limitations, and practical applications. To ensure an objective evaluation, a set of performance criteria was established, including convergence speed, flexibility, robustness to environmental changes, computational complexity, and energy efficiency. The results highlight the most suitable algorithms for tasks such as search, reconnaissance, mapping, and cooperative cargo delivery. Furthermore, promising directions for future research are identified, particularly the development of hybrid approaches that combine the strengths of different methods and the adaptation of swarm algorithms to uncertain and rapidly changing conditions. The practical significance of the study lies in providing a foundation for the development of more autonomous and efficient UAV swarm control systems applicable in agriculture, search and rescue, environmental monitoring, and infrastructure inspection. The findings may serve as a methodological basis for further integration of swarm-based approaches into practical UAV control systems.",МИХАЙЛО ПРОЦЕНКО|РОМАН МАСЛІЙ,https://openalex.org/A5124992359|https://openalex.org/A5121211106,|,|,,,True|False,cc-by,0.87766651,0,,АНАЛІЗ РОЙОВИХ МЕТОДІВ КЕРУВАННЯ БЕЗПІЛОТНИМИ ЛІТАЛЬНИМИ АПАРАТАМИ,https://doi.org/10.31891/2307-5732-2025-359-49,,0.0,,False,,True,hybrid,Herald of Khmelnytskyi National University Technical sciences,https://openalex.org/S4210218115,2307-5732,journal,UAV Applications and Optimization,2025-12-11,2025,article
https://openalex.org/W4410771573,,Zain-ul-Abideen Nasir|Ali J. Ben Ali|Jayson Boubin,https://openalex.org/A5117711576|https://openalex.org/A5088980644|https://openalex.org/A5009145336,|https://orcid.org/0000-0001-6295-764X|https://orcid.org/0000-0002-4296-9624,US|US|US,Binghamton University|Binghamton University|Binghamton University,https://openalex.org/I123946342|https://openalex.org/I123946342|https://openalex.org/I123946342,True|False|False,,0.12348116,0,https://openalex.org/I123946342,Netslam: Network-Aware Path Planning for Edge-Assisted UAV Swarms,https://doi.org/10.1109/icuas65942.2025.11007824,,0.0,,False,en,False,closed,,,,,Robotic Path Planning Algorithms,2025-05-14,2025,article
https://openalex.org/W4416923523,,Kanchon Gharami|Shafika Showkat Moni,https://openalex.org/A5014702176|https://openalex.org/A5035634410,https://orcid.org/0000-0003-0032-8201|https://orcid.org/0000-0002-7710-4217,US|US,Embry–Riddle Aeronautical University|Embry–Riddle Aeronautical University,https://openalex.org/I84475105|https://openalex.org/I84475105,True|False,,0.50787438,0,https://openalex.org/I84475105,An Efficient Privacy-preserving Intrusion Detection Scheme for UAV Swarm Networks,https://doi.org/10.1109/dasc66011.2025.11257309,,0.0,,False,,False,closed,,,,,UAV Applications and Optimization,2025-09-14,2025,article
https://openalex.org/W4416799673,,Praveena Rachel Kamala S|Mahmoud Odeh|M Praveena|R Manasa|Chintala Muralikrishna|K Aravinda,https://openalex.org/A5101367303|https://openalex.org/A5049459309|https://openalex.org/A5111976238|https://openalex.org/A5082550921|https://openalex.org/A5120670629|https://openalex.org/A5113233015,|https://orcid.org/0000-0001-7381-8442||||,IN|JO|US|US|IN|,Ragas Dental College & Hospital|Zarqa University|Center for Strategic and International Studies|Center for Strategic and International Studies|Indian Institute of Technology Hyderabad|,https://openalex.org/I893914191|https://openalex.org/I153687341|https://openalex.org/I1284577377|https://openalex.org/I1284577377|https://openalex.org/I65181880|,True|False|False|False|False|False,,0.49823968,0,https://openalex.org/I893914191,Intelligent Obstacle Avoidance and Path Planning with V-Shape algorithm for Drones Using Feature-Enriched Deep Learning in Agriculture and Forest Application,https://doi.org/10.1109/icriset64803.2025.11253937,,0.0,,False,,False,closed,,,,,UAV Applications and Optimization,2025-08-01,2025,article
https://openalex.org/W4200338836,"Path planning is a critical problem that entails calculating a wide range of ideal paths for each drone in a swarm. If this challenge could be solved, it would be possible to control a large number of drones without the need for human involvement while preserving optimal trajectories. The fewer people needed to operate UAVs and the shorter the path, the lower the costs. The primary goal is to create Artificial Intelligence based systems that can calculate the best flying path for a swarm of drones. Regardless of the maps or the amount of drones in the swarm, the goal of these result paths is to accomplish comprehensive coverage of a flight area for tasks like agricultural prospection.",Alejandro Puente-Castro|Daniel Cebrián|Alejandro Pazos|Enrique Fernández-Blanco,https://openalex.org/A5055303364|https://openalex.org/A5008130507|https://openalex.org/A5006332127|https://openalex.org/A5008975911,https://orcid.org/0000-0002-0134-6877||https://orcid.org/0000-0003-2324-238X|https://orcid.org/0000-0003-3260-8734,US|US|US|US,Universal Display Corporation|Universal Display Corporation|Universal Display Corporation|Universal Display Corporation,https://openalex.org/I2799325408|https://openalex.org/I2799325408|https://openalex.org/I2799325408|https://openalex.org/I2799325408,True|False|False|False,cc-by,0.16779412,0,https://openalex.org/I2799325408,Artificial Intelligence techniques for autonomous drone swarms,https://doi.org/10.3390/mol2net-07-11845,,0.0,,False,en,True,gold,,,,,Robotic Path Planning Algorithms,2021-11-23,2021,article
https://openalex.org/W7124914987,,Yi Wang|Hui Zhang|Yujia Li|Bin Duo|Junsong Luo|Dongfen Li,https://openalex.org/A5012165518|https://openalex.org/A5123378873|https://openalex.org/A5123446174|https://openalex.org/A5083590187|https://openalex.org/A5123372638|https://openalex.org/A5026000486,https://orcid.org/0000-0002-8726-402X|||https://orcid.org/0000-0003-3133-0005||https://orcid.org/0000-0002-3892-4546,CN|CN|CN|CN|CN|CN,Chengdu University of Technology|Chengdu University of Technology|Chengdu University of Technology|Chengdu University of Technology|Chengdu University of Technology|Chengdu University of Technology,https://openalex.org/I31595395|https://openalex.org/I31595395|https://openalex.org/I31595395|https://openalex.org/I31595395|https://openalex.org/I31595395|https://openalex.org/I31595395,True|False|False|False|False|False,,0.79464707,0,https://openalex.org/I31595395,An Efficient and Lightweight Unmanned Aerial Vehicle Network Authentication Mechanism,https://doi.org/10.1109/cbase67452.2025.11335491,,0.0,,False,,False,closed,,,,,UAV Applications and Optimization,2025-10-24,2025,article
https://openalex.org/W4417405103,,Anurag Shrivastava|RVS Praveen|Raed H. C. Alfilh|Kanchan Yadav|Ashwini Kumar|Om Krishna,https://openalex.org/A5108958862|https://openalex.org/A5015262029|https://openalex.org/A5058394084|https://openalex.org/A5026485680|https://openalex.org/A5049954482|https://openalex.org/A5109767035,||https://orcid.org/0000-0001-6046-4083||https://orcid.org/0000-0001-5728-8584|,IN|GB|IQ|IN|IN|GB,Saveetha University|United Utilities (United Kingdom)|Iraqi University|GLA University|Amity University|Lloyds Banking Group (United Kingdom),https://openalex.org/I85461943|https://openalex.org/I4210129695|https://openalex.org/I3131779051|https://openalex.org/I82571370|https://openalex.org/I191972202|https://openalex.org/I4210152443,True|False|False|False|False|False,,0.53118142,0,https://openalex.org/I85461943,Drone Swarm Intelligence: AI-Driven Autonomous Coordination for Aerial Applications,https://doi.org/10.1109/acroset66531.2025.11280890,,0.0,,False,,False,closed,,,,,UAV Applications and Optimization,2025-09-27,2025,article
https://openalex.org/W4398177566,"Abstract: Target area detection in agriculture plays a crucial role in optimizing crop management and resource allocation. Traditional methods often lack the precision and efficiency required for modern farming practices. Integrating bio-inspired approaches with UAV-FSN systems offers a promising solution to this challenge. By harnessing principles from nature, such as swarm intelligence and reinforcement learning, it becomes possible to optimize the deployment and coordination of UAVs within FSN for clustered target area detection in agriculture. This research explores the integration of bio-inspired approaches with UAV-FSN systems for clustered target area detection in agriculture. The increasing demand for precision agriculture necessitates efficient methods for identifying target areas affected by various factors. In this study, we introduce a novel algorithm, the QL-ABC Algorithm, which combines the Artificial Bee Colony (ABC) Algorithm with Q-Learning to optimize the deployment and movement of unmanned aerial vehicles (UAVs) within flying sensor networks (FSN) for target area detection. The performance outcomes of the proposed QL-ABC Algorithm on comparison with the existing algorithms are analysed using extensive simulation analysis with the appropriate simulation metrics: packet delivery ratio, mean end-to-end delay, and energy consumption. Results validate the usefulness of the proposed QL-ABC algorithm in accurately detecting clustered target areas in agricultural landscapes, thus contributing to advancements in precision farming practices and sustainable agriculture. Keywords: Flying Sensor Networks, Artificial Bee Colony Algorithm, Clustered Target Area Detection, Q-Learning, Unmanned Aerial Vehicles.",P. Vanathi,https://openalex.org/A5026529961,,US,Marymount University,https://openalex.org/I53276908,True,cc-by-nc,0.03621276,0,https://openalex.org/I53276908,Integrating Bio-Inspired Approaches with UAV-FSN Systems for Clustered Target Area Detection in Agriculture,https://doi.org/10.22545/2024/00258,,0.0,,False,en,True,diamond,Transdisciplinary Journal of Engineering & Science,https://openalex.org/S4210200317,1949-0569,journal,Smart Agriculture and AI,2024-05-20,2024,article
https://openalex.org/W4416958599,"Unmanned aerial vehicle (UAV) swarms have shown great potential in large-scale IoT (Internet of Things) and smart agriculture applications, particularly for cooperative monitoring and multi-target tracking in field environments. However, most existing coordination strategies assume ideal communication conditions, overlooking realistic network impairments such as congestion, packet loss, and latency. These impairments disrupt the timely exchange of information between UAVs and the ground base station, leading to delayed or lost control signals. As a result, coordination quality deteriorates and tracking performance is severely degraded in real-world deployments. To address this gap, we propose CSOOC (Communication-State Driven Online–Offline Coordination with Congestion Control), a hybrid control architecture that integrates centralized learning-based decision-making with decentralized rule-based policies to adapt UAV behaviors according to real-time network states. CSOOC consists of three key components: (1) an online module that enables centralized coordination under reliable communication, (2) an offline profit-driven mobility strategy based on local Gaussian maps for autonomous target tracking during communication loss, and (3) a congestion control mechanism based on STAR(Stratified Transmission and RTS/CTS), which combines temporal transmission desynchronization and RTS/CTS handshaking to enhance uplink reliability. We establish a unified co-simulation paradigm that connects network communication with swarm control and swarm coordination behavior. Experiments demonstrate that CSOOC achieves an average observation rate of 39.7%, surpassing baseline algorithms by 4.4–11.13%, while simultaneously improving network stability through significantly higher packet delivery ratios under congested conditions. These results demonstrate that CSOOC effectively bridges the gap between algorithmic performance in simulation and practical UAV swarm operations in communication-constrained environments.",Huajun Sun|Yicheng Yan|Guojie Liu|Ying Zhan|Xianfeng Li,https://openalex.org/A5113901875|https://openalex.org/A5100305391|https://openalex.org/A5028674970|https://openalex.org/A5100512412|https://openalex.org/A5100672495,https://orcid.org/0000-0002-3099-9500|https://orcid.org/0000-0003-1865-8751|https://orcid.org/0000-0001-7213-5404||https://orcid.org/0000-0003-1743-7623,MO|MO|CN|MO|MO,Macau University of Science and Technology|Macau University of Science and Technology|Zhengzhou University|Macau University of Science and Technology|Macau University of Science and Technology,https://openalex.org/I111950717|https://openalex.org/I111950717|https://openalex.org/I38877650|https://openalex.org/I111950717|https://openalex.org/I111950717,False|False|False|False|True,cc-by,0.51039755,0,https://openalex.org/I111950717,CSOOC: Communication-State Driven Online–Offline Coordination Strategy for UAV Swarm Multi-Target Tracking,https://doi.org/10.3390/electronics14234743,,0.0,,False,en,True,gold,Electronics,https://openalex.org/S4210202905,2079-9292,journal,UAV Applications and Optimization,2025-12-02,2025,article
https://openalex.org/W4394913621,,Wu Ning|Li Li|Xingyu Liu|Ziwen Wang|Tongyao Jia,https://openalex.org/A5069755413|https://openalex.org/A5015960857|https://openalex.org/A5037626890|https://openalex.org/A5088540898|https://openalex.org/A5019347287,https://orcid.org/0009-0000-0714-1445|https://orcid.org/0009-0008-3251-8396|https://orcid.org/0000-0003-3508-4825|https://orcid.org/0009-0002-2770-1926|https://orcid.org/0009-0004-7950-0346,CN|CN|CN|CN|CN,Xi’an University of Posts and Telecommunications|Xi’an University of Posts and Telecommunications|Xi’an University of Posts and Telecommunications|Xi’an University of Posts and Telecommunications|Xi’an University of Posts and Telecommunications,https://openalex.org/I4210136859|https://openalex.org/I4210136859|https://openalex.org/I4210136859|https://openalex.org/I4210136859|https://openalex.org/I4210136859,True|False|False|False|False,,0.11152178,0,https://openalex.org/I4210136859,Enhancing UAV Swarm Routing with Multi-Agent Attention Reinforcement Learning,https://doi.org/10.1145/3638782.3638822,,0.0,,False,en,False,closed,,,,,UAV Applications and Optimization,2023-12-06,2023,article
https://openalex.org/W7136207617,,Ramil F. Faizullin|Maksim Mustafin|Mikhail Svinin|Evgeni Magid,https://openalex.org/A5108953198|https://openalex.org/A5063737366|https://openalex.org/A5073469455|https://openalex.org/A5046438244,|https://orcid.org/0000-0002-2229-0104|https://orcid.org/0000-0003-2459-2250|https://orcid.org/0000-0001-7316-5664,RU|RU|JP|RU,Kazan Federal University|Kazan Federal University|Ritsumeikan University|Kazan Federal University,https://openalex.org/I21203515|https://openalex.org/I21203515|https://openalex.org/I135768898|https://openalex.org/I21203515,True|False|False|False,,0.92201793,0,https://openalex.org/I21203515,Coverage of Agricultural Areas by a Group of Unmanned Aerial Vehicles Considering Wind Load and Energy Consumption Constraints,https://doi.org/10.1109/icct67028.2025.11427483,,0.0,,False,,False,closed,,,,,UAV Applications and Optimization,2025-10-07,2025,article
https://openalex.org/W7115924588,"Obstacle avoidance is crucial for unmanned aerial vehicles (UAVs) in agriculture to perform tasks such as crop monitoring, precision spraying and picking assistance. The three-dimensional (3D) nature of orchards, with issues such as a larger search space, diverse obstacle shapes, and higher requirements for environmental adaptability, poses challenges for UAV obstacle avoidance. In this paper, a 3D obstacle avoidance path planning method for agricultural UAVs based on improved ant colony optimization (ACO) algorithm is proposed. Firstly, A 3D orchard simulation environment is constructed using MATLAB. Secondly, based on the characteristics of the orchard environment with large ups and downs of the terrain and multiple obstacles, the fitness function and heuristic information in the ACO algorithm have been modified. Thirdly, a leader ant optimization (LAO) algorithm is proposed by introducing the bellwether theory to improve the ACO algorithm. The LAO algorithm has been comprehensively evaluated on path optimal solution, obstacle avoidance capability, convergence speed and computation time. The experimental results demonstrate that the performance of LAO algorithm is optimal compared to the traditional ACO algorithm, genetic algorithm (GA) and particle swarm optimization (PSO) algorithm. The proposed LAO algorithm is suitable for UAV obstacle avoidance in orchards.",Yi Shao|Hua Yang|Ruibo Gao|Fuzhong Li,|||,|||,CN|CN|CN|CN,Shanxi Agricultural University|Shanxi Agricultural University|Shanxi Agricultural University|Shanxi Agricultural University,https://openalex.org/I119868032|https://openalex.org/I119868032|https://openalex.org/I119868032|https://openalex.org/I119868032,True|False|False|False,cc-by,0.63736703,0,https://openalex.org/I119868032,Three-Dimensional Obstacle Avoidance Path Planning for Agricultural UAV Based on Improved Ant Colony Algorithm,https://doi.org/10.53941/ijndi.2025.100028,Shanxi Agricultural University|Shanxi Provincial Key Research and Development Project,0.0,,False,en,True,diamond,International Journal of Network Dynamics and Intelligence,https://openalex.org/S4387285992,2653-6226,journal,Robotic Path Planning Algorithms,2025-12-18,2025,article
https://openalex.org/W4367278986,,Sipra Swain|Pabitra Mohan Khilar|Biswa Ranjan Senapati,https://openalex.org/A5049014734|https://openalex.org/A5000120063|https://openalex.org/A5054835450,https://orcid.org/0000-0001-8054-147X|https://orcid.org/0000-0003-1969-2775|https://orcid.org/0000-0001-8975-2812,||,,,True|False|False,,0.03232904,0,,Optimized 2D ground area coverage through unmanned aerial vehicle using metaheuristic approach,https://doi.org/10.47974/jsms-1025,,0.0,,False,en,False,closed,Journal of Statistics and Management Systems,https://openalex.org/S2764706862,0972-0510,journal,Robotic Path Planning Algorithms,2023-01-01,2023,article
https://openalex.org/W4412674187,"Rapid technological advancements, exponential growth, and unique characteristics are the key factors that enhance the usefulness of unmanned aerial vehicles (UAVs) in diverse applications, including military, agricultural, commercial, and communications-related fields. The use of UAVs for communication is a recent development that has become a topic of significant interest shown by researchers. A flying ad hoc network (FANET) made up of numerous UAVs cannot be developed without implementing an effective cooperative networking model that enables secure information sharing between UAVs. To achieve reliable and robust communication using FANETs, various design- and routing-related issues must be addressed in an appropriate manner. The use of bio-inspired algorithms for data routing in FANETs may be a promising direction, due to their ability to communicate efficiently in a swarm of devices. This work explores various bio-inspired routing algorithms proposed for transmitting data in UAV-based networks. Furthermore, their performance is evaluated and compared using routing metrics. All unresolved research concerns and prospective study avenues are examined based on the outcomes of the investigation conducted.",Santosh Kumar|Amol Vasudeva|Manu Sood,https://openalex.org/A5102025029|https://openalex.org/A5073869419|https://openalex.org/A5104109096,https://orcid.org/0000-0002-0556-7351|https://orcid.org/0000-0002-6909-0820|https://orcid.org/0000-0002-4946-9550,IN|IN|IN,Himachal Pradesh University|Jaypee University of Information Technology|Himachal Pradesh University,https://openalex.org/I904467727|https://openalex.org/I153954893|https://openalex.org/I904467727,True|False|False,cc-by,0.25156466,0,https://openalex.org/I904467727,Bio-inspired Routing Algorithms for UAV-based Networks: A Survey,https://doi.org/10.26636/jtit.2025.3.2101,,0.0,,False,en,True,diamond,Journal of Telecommunications and Information Technology,https://openalex.org/S2764512266,1509-4553,journal,UAV Applications and Optimization,2025-07-27,2025,article
https://openalex.org/W4409948570,,Anupriya Kamble|Rajkumar Jagdale|V. N. JADHAV,https://openalex.org/A5009340429|https://openalex.org/A5117380619|https://openalex.org/A5009821407,https://orcid.org/0000-0002-7831-8911||,||,,,True|False|False,,0.03974761,0,,A study on drones in agriculture,https://doi.org/10.1049/icp.2025.0809,,0.0,,False,en,False,closed,IET conference proceedings.,https://openalex.org/S4404663355,2732-4494,journal,UAV Applications and Optimization,2025-04-01,2025,article
https://openalex.org/W7125941589,,Boyu Zang|Yuben Qu|Tao Wu|Chao Dong|Quan Wu,https://openalex.org/A5053028630|https://openalex.org/A5121044685|https://openalex.org/A5124064074|https://openalex.org/A5124128351|https://openalex.org/A5101738391,https://orcid.org/0000-0003-0106-7728||||https://orcid.org/0000-0002-9001-6473,CN|CN|CN|CN|CN,Ministry of Industry and Information Technology|Nanjing University of Aeronautics and Astronautics|Ministry of Industry and Information Technology|Nanjing University of Aeronautics and Astronautics|Ministry of Industry and Information Technology|Nanjing University of Aeronautics and Astronautics|Ministry of Industry and Information Technology|Nanjing University of Aeronautics and Astronautics|Ministry of Industry and Information Technology|Nanjing University of Aeronautics and Astronautics,https://openalex.org/I890469752|https://openalex.org/I9842412|https://openalex.org/I890469752|https://openalex.org/I9842412|https://openalex.org/I890469752|https://openalex.org/I9842412|https://openalex.org/I890469752|https://openalex.org/I9842412|https://openalex.org/I890469752|https://openalex.org/I9842412,True|False|False|False|False,,0.82415708,0,https://openalex.org/I890469752|https://openalex.org/I9842412,Sample Selection and Resource Management for Online Split Learning in UAV Swarm,https://doi.org/10.1109/wcsp68525.2025.1010499,,0.0,,False,,False,closed,,,,,UAV Applications and Optimization,2025-10-23,2025,article
https://openalex.org/W4412566919,,Xiao Chen|Zhiqiang Hu|Chao Zhu|Sheng Ke|Tianhao Zhao|Jianwei Sun|Xin Li|Heng Liu,https://openalex.org/A5081789826|https://openalex.org/A5101417952|https://openalex.org/A5100449754|https://openalex.org/A5036700632|https://openalex.org/A5100610856|https://openalex.org/A5012754613|https://openalex.org/A5100353923|https://openalex.org/A5029019328,https://orcid.org/0009-0000-7323-2185|https://orcid.org/0000-0002-0802-8580|https://orcid.org/0000-0003-3537-6414|https://orcid.org/0000-0003-3296-3752|https://orcid.org/0000-0002-9758-7682|https://orcid.org/0000-0003-3198-6880|https://orcid.org/0000-0002-6605-1447|https://orcid.org/0000-0002-1096-4204,CN|CN|CN|CN|CN|CN|CN|CN,"Beijing Institute of Technology|Beijing Institute of Technology|Beijing Institute of Technology|Beijing Institute of Technology|Beijing Jiaotong University|Chinese Academy of Sciences|Changchun Institute of Optics, Fine Mechanics and Physics|Shandong Academy of Sciences|Qilu University of Technology|Beijing Institute of Technology",https://openalex.org/I125839683|https://openalex.org/I125839683|https://openalex.org/I125839683|https://openalex.org/I125839683|https://openalex.org/I21193070|https://openalex.org/I19820366|https://openalex.org/I4210088164|https://openalex.org/I4210142748|https://openalex.org/I152269853|https://openalex.org/I125839683,True|False|False|False|False|False|False|False,,0.08354352,0,https://openalex.org/I125839683,LABOR: Latency and Buffer Occupancy Optimized Multimodal Mission Offloading Strategy in Resource-Constrained UAV Swarm Networks,https://doi.org/10.1109/taes.2025.3586261,National Natural Science Foundation of China|Natural Science Foundation of Shandong Province,0.0,,False,en,False,closed,IEEE Transactions on Aerospace and Electronic Systems,https://openalex.org/S193624734,0018-9251,journal,UAV Applications and Optimization,2025-07-22,2025,article
https://openalex.org/W4412987283,,Alicia Esquivel Morel|Prasad Calyam|Kannappan Palaniappan,https://openalex.org/A5015413574|https://openalex.org/A5072008189|https://openalex.org/A5057274754,https://orcid.org/0000-0002-1766-5370|https://orcid.org/0000-0002-7666-5389|https://orcid.org/0000-0003-2663-1380,US|US|US,University of Missouri|University of Missouri|University of Missouri,https://openalex.org/I76835614|https://openalex.org/I76835614|https://openalex.org/I76835614,True|False|False,,0.09550459,0,https://openalex.org/I76835614,Task Offloading Strategies for Agricultural UAV Systems in Dynamic Network Environments,https://doi.org/10.1109/dcoss-iot65416.2025.00063,National Science Foundation,0.0,,False,en,False,closed,,,,,UAV Applications and Optimization,2025-06-09,2025,article
https://openalex.org/W7124952770,,Noor Shamsiah Othman|Munayr Abraheem Mukhtar Bilnour,https://openalex.org/A5041778059|https://openalex.org/A5123374029,https://orcid.org/0000-0002-1849-6687|,MY|MY,Universiti Tenaga Nasional|Universiti Tenaga Nasional,https://openalex.org/I79156528|https://openalex.org/I79156528,True|False,,0.80643919,0,https://openalex.org/I79156528,Optimized UAV Placement for Energy-Efficient IoT Communication in Vegetated Environments,https://doi.org/10.1109/iswta68114.2025.11329996,,0.0,,False,,False,closed,,,,,UAV Applications and Optimization,2025-12-12,2025,article
https://openalex.org/W7116394340,"Federated learning (FL), as an emerging distributed machine learning paradigm, allows multiple participants to collaboratively train machine learning models without disclosing raw data. The high mobility and flexibility of Unmanned Aerial Vehicles (UAVs) can be effectively integrated with FL for distributed intelligent sensing, such as disaster response and agricultural monitoring. However, existing UAV-assisted federated learning approaches rarely take into account the unique characteristics of large-scale UAV swarms, which often encounter two critical challenges: biased model convergence resulting from statistical heterogeneity and inefficient training due to resource constraints. To address these issues, we propose FedUD, a novel federated learning framework for UAV networks that integrates adaptive UAV sampling and device-to-device (D2D) communications. FedUD employs a two-tier optimization strategy: (1) a set of leader UAVs is sampled by the base station to maximize statistical representativeness in each communication round, thereby mitigating bias from non-IID data; (2) A set of follower UAVs is selected for each leader UAV to form D2D clusters, which helps reduce communication overhead. Follower UAVs conduct local training and transmit their model updates to leader UAVs through D2D communications. The leader UAVs then aggregate these updates and forward them to the base station for global aggregation. Based on theoretical convergence analysis, we formulate a joint optimization problem for UAV sampling and D2D communications. This problem can be effectively solved using a submodular maximization-based iterative algorithm. Extensive experiments conducted on physical testbeds and simulations demonstrate that FedUD significantly enhances the stability of model performance and reduces system latency during the training process compared to benchmark methods.",Yanfeng Lu|Tao Wu|Chao Chang|Hongjun Wang|Mingxing Ke|Jian Wang,https://openalex.org/A5120899479|https://openalex.org/A5120940127|https://openalex.org/A5090100409|https://openalex.org/A5100357111|https://openalex.org/A5068861481|https://openalex.org/A5120929313,|||https://orcid.org/0000-0002-2942-7855|https://orcid.org/0000-0003-3037-5324|,CN|CN|CN|CN|CN|CN,National University of Defense Technology|National University of Defense Technology|National University of Defense Technology|National University of Defense Technology|National University of Defense Technology|National University of Defense Technology,https://openalex.org/I170215575|https://openalex.org/I170215575|https://openalex.org/I170215575|https://openalex.org/I170215575|https://openalex.org/I170215575|https://openalex.org/I170215575,True|False|False|False|False|False,cc-by,0.75832519,0,https://openalex.org/I170215575,Heterogeneity-aware Federated Edge Learning via UAV Sampling and D2D Communications,https://doi.org/10.1145/3754598.3754618,,0.0,,False,,True,gold,,,,,UAV Applications and Optimization,2025-09-08,2025,article
https://openalex.org/W7104259541,"The SPADE webinar presentation outlines the integration of a physical-cyber drone ecosystem to address agricultural and forestry challenges by leveraging digital twin technology. It focuses on overcoming fragmented digital ecosystems and data silos by enabling real-time data integration, predictive analytics, and cross-sector interoperability within a standardized governance framework. The presentation showcases UAV use cases across Europe, including forest inventory and storm damage detection in Norway, livestock health monitoring in Greece, and precision crop management in Spain, highlighting improvements such as faster anomaly detection, water savings, and high disease detection accuracy. Advanced features include UAV swarm collaboration for firefighting and autonomous decision support, emphasizing the operational capabilities, certification needs, and resilience of drone systems as key enablers for sustainable agri-forestry digital services under horizontal standardization.","Sveen, Flemming",,https://orcid.org/0009-0004-6015-2476,NO,Hafenstrom (Norway),https://openalex.org/I4210149970,True,cc-by,0.45884654,0,https://openalex.org/I4210149970,"SPADE The Context of Drones -Webinar Use cases, Digital Twin and Horisontal Standardisation 5 November 2025",https://doi.org/10.5281/zenodo.17543651,,0.0,,False,,True,green,Zenodo (CERN European Organization for Nuclear Research),https://openalex.org/S4306400562,,repository,UAV Applications and Optimization,2025-11-06,2025,article
https://openalex.org/W7104287410,"The SPADE webinar presentation outlines the integration of a physical-cyber drone ecosystem to address agricultural and forestry challenges by leveraging digital twin technology. It focuses on overcoming fragmented digital ecosystems and data silos by enabling real-time data integration, predictive analytics, and cross-sector interoperability within a standardized governance framework. The presentation showcases UAV use cases across Europe, including forest inventory and storm damage detection in Norway, livestock health monitoring in Greece, and precision crop management in Spain, highlighting improvements such as faster anomaly detection, water savings, and high disease detection accuracy. Advanced features include UAV swarm collaboration for firefighting and autonomous decision support, emphasizing the operational capabilities, certification needs, and resilience of drone systems as key enablers for sustainable agri-forestry digital services under horizontal standardization.","Sveen, Flemming",,https://orcid.org/0009-0004-6015-2476,NO,Hafenstrom (Norway),https://openalex.org/I4210149970,True,cc-by,0.45995784,0,https://openalex.org/I4210149970,"SPADE The Context of Drones -Webinar Use cases, Digital Twin and Horisontal Standardisation 5 November 2025",https://doi.org/10.5281/zenodo.17543652,,0.0,,False,,True,green,Zenodo (CERN European Organization for Nuclear Research),https://openalex.org/S4306400562,,repository,UAV Applications and Optimization,2025-11-06,2025,article
https://openalex.org/W4410029827,"Unmanned Aerial Vehicles (UAVs) coupled with deep learning such as Convolutional Neural Networks (CNNs) have been widely applied across numerous domains, including agriculture, smart city monitoring, and fire rescue operations, owing to their malleability and versatility. However, the computation-intensive and latency-sensitive natures of CNNs present a formidable obstacle to their deployment on resource-constrained UAVs. Some early studies have explored a hybrid approach that dynamically switches between lightweight and complex models to balance accuracy and latency. However, they often overlook scenarios involving multiple concurrent CNN streams, where competition for resources between streams can substantially impact latency and overall system performance. In this paper, we first investigate the deployment of both lightweight and complex models for multiple CNN streams in UAV swarm. Specifically, we formulate an optimization problem to minimize the total latency across multiple CNN streams, under the constraints on UAV memory and the accuracy requirement of each stream. To address this problem, we propose an algorithm called Adaptive Model Switching of collaborative inference for Multi-CNN streams (AMSM) to identify the inference strategy with a low latency. Simulation results demonstrate that the proposed AMSM algorithm consistently achieves the lowest latency while meeting the accuracy requirements compared to benchmark algorithms.",Yu Li|Yuben Qu|Chao Dong|Zhen Qin|Lei Zhang|Qihui Wu,https://openalex.org/A5100345908|https://openalex.org/A5037036194|https://openalex.org/A5058480659|https://openalex.org/A5077919782|https://openalex.org/A5100603173|https://openalex.org/A5100785098,|https://orcid.org/0000-0002-8120-8369|https://orcid.org/0000-0002-0183-0087|https://orcid.org/0000-0001-7185-3965|https://orcid.org/0009-0007-8798-336X|https://orcid.org/0000-0002-9521-5084,CN|CN|CN|CN|CN|CN,Ministry of Industry and Information Technology|Nanjing University of Aeronautics and Astronautics|Ministry of Industry and Information Technology|Nanjing University of Aeronautics and Astronautics|Ministry of Industry and Information Technology|Nanjing University of Aeronautics and Astronautics|China Academy of Information and Communications Technology|Ministry of Industry and Information Technology|Nanjing University of Aeronautics and Astronautics|Ministry of Industry and Information Technology|Nanjing University of Aeronautics and Astronautics,https://openalex.org/I890469752|https://openalex.org/I9842412|https://openalex.org/I890469752|https://openalex.org/I9842412|https://openalex.org/I890469752|https://openalex.org/I9842412|https://openalex.org/I4210130112|https://openalex.org/I890469752|https://openalex.org/I9842412|https://openalex.org/I890469752|https://openalex.org/I9842412,False|False|True|False|False|False,cc-by-nc-nd,0.04036924,0,https://openalex.org/I890469752|https://openalex.org/I9842412,Adaptive model switching of collaborative inference for multi-CNN streams in UAV swarm,https://doi.org/10.1016/j.cja.2025.103564,,0.0,,False,en,True,hybrid,Chinese Journal of Aeronautics,https://openalex.org/S42274841,1000-9361,journal,UAV Applications and Optimization,2025-05-02,2025,article
https://openalex.org/W7130400118,,Thillaiyarasi S|Lincy Golda Careline S|S L Priyenga|Nansy K,https://openalex.org/A5126279918|https://openalex.org/A5067581901|https://openalex.org/A5126328481|https://openalex.org/A5126356019,|||,|||,,,True|False|False|False,,0.86105497,0,,Bio-Inspired Neuro-Swarm Communication Protocol with Dynamic Spectrum Intelligence for IoT and UAV Networks,https://doi.org/10.1109/iconstem65670.2025.11374760,,0.0,,False,,False,closed,,,,,UAV Applications and Optimization,2025-11-06,2025,article
https://openalex.org/W4413845113,"In recent years, Unmanned Aerial Vehicle (UAV) swarm networks have become increasingly important across various scenarios such as military, industry, and agriculture. They not only improve the efficiency and flexibility of task execution, but also provide new solutions for communication in complex environments. However, the high mobility of UAVs causes the network topology to change frequently and the links to be easily damaged, which poses a severe challenge to providing reliable low-latency communication services. Existing routing strategies are difficult to meet the performance requirements in high QoS demand scenarios. To solve these problems, this paper proposes a centralized source routing method, Adaptive Predictive Multi-Metric (APMM) routing approach. By introducing a generative diffusion model to anticipate the future state of the network, it dynamically evaluates link stability and improves data transmission reliability. Based on multi-dimensional performance indicators, an ant colony system is used to optimize routing decisions and maintain link connection status to achieve high-quality communication services. Experimental results demonstrate that APMM is superior to existing methods, showing significant performance improvement.",X. Yi|Haipeng Yao|Tianle Mai|Zunliang Wang,https://openalex.org/A5082183725|https://openalex.org/A5100666106|https://openalex.org/A5005621448|https://openalex.org/A5010845183,|https://orcid.org/0000-0003-1391-7363|https://orcid.org/0000-0002-8500-1461|https://orcid.org/0000-0002-2147-8850,CN|CN|CN|CN,Beijing University of Posts and Telecommunications|Beijing University of Posts and Telecommunications|Beijing Institute of Technology|Beijing University of Posts and Telecommunications,https://openalex.org/I139759216|https://openalex.org/I139759216|https://openalex.org/I125839683|https://openalex.org/I139759216,True|False|False|False,cc-by,0.11411645,0,https://openalex.org/I139759216,Learning-Based Predictive Multi-Metric Routing Optimization for UAV Swarm Networks,https://doi.org/10.1145/3746709.3746862,National Natural Science Foundation of China,0.0,,False,en,True,gold,,,,,UAV Applications and Optimization,2025-03-14,2025,article
https://openalex.org/W7118119231,,D Priyadharsini|S Saranya|S Sasikala,https://openalex.org/A5121891221|https://openalex.org/A5121907839|https://openalex.org/A5121911721,||,IN||,Hindustan Institute of Technology and Science||,https://openalex.org/I43663321||,True|False|False,,0.74015083,0,https://openalex.org/I43663321,DRONE SYSTEM FUNDAMENTALS WITH EMPHASIS ON NAVIGATION AND CONTROL,https://doi.org/10.65725/jcise/1/2/006,,0.0,,False,,False,closed,RCHUB JOURNAL OF COMPUTATIONAL INTELLIGENCE SCIENCE AND ENGINEERING (JCISE),https://openalex.org/S5407055385,3107-8168,journal,UAV Applications and Optimization,2025-10-01,2025,article
https://openalex.org/W4408992856,"Unmanned Aerial Vehicles (UAVs) have emerged as pivotal tools for addressing region-specific challenges in Kazakhstan, a nation characterized by vast geographic diversity, extreme climatic conditions, and infrastructural demands in remote areas. However, deploying UAVs in Kazakhstan’s unique operational environments—marked by temperature extremes (-40°C to +45°C), unpredictable wind gusts (15–20 m/s in the Almaty and Kostanay regions), and frequent GPS signal degradation in mountainous terrain—poses significant technical and logistical challenges. Physical testing of UAV control algorithms under these conditions is not only prohibitively expensive but also constrained by safety regulations, environmental unpredictability, and the sheer scale of operational zones. To address these barriers, this article proposes the development of a Kazakhstan-centric UAV simulation platform, designed to emulate the country’s environmental and operational realities with high fidelity. Built on the Robot Operating System (ROS Noetic) and Gazebo 11, the platform integrates three novel components: (1) physics-based UAV dynamics calibrated using field data from Kazakh agricultural and disaster-response UAV deployments, including mass (1.5 kg), inertia tensor, and rotor thrust profiles; (2) synthetic sensor models (LiDAR, IMU, RGB cameras) with noise profiles tailored to regional conditions, such as dust-induced LiDAR range errors (±0.15 m) and temperature-dependent IMU drift (0.2°/hour at +40°C); and (3) environmental disturbance models derived from meteorological datasets provided by Kazhydromet, Kazakhstan’s national weather agency, including steppe wind dynamics (gusts up to 18 m/s) and probabilistic GPS signal loss (25–35% dropout rates in the Tian Shan mountains). The platform’s modular architecture supports testing of adaptive control algorithms, including Model Predictive Control (MPC) for wind disturbance rejection, swarm coordination strategies for search-and-rescue missions, and reinforcement learning (RL)-based fault tolerance systems, under scenarios mirroring real-world Kazakh challenges. Case studies demonstrate its efficacy: in simulated high-wind scenarios (18 m/s gusts), a decentralized swarm coordination algorithm achieved 88% mission success in maintaining formation over the Tian Shan mountains, while an adaptive PID controller reduced trajectory tracking errors by 35% under +40°C sensor drift conditions. Cross-validation with field data from a DJI Matrice 300 UAV deployed in the Turkestan region confirmed a 94% correlation between simulated and real-world trajectory RMSE (0.12 m vs. 0.15 m), with energy consumption predictions deviating by less than 3% from observed values.",A. Akhmet|A. Gusmanov|A. Akramkhanov|Sh. Akimbay,https://openalex.org/A5116853377|https://openalex.org/A5116853378|https://openalex.org/A5116853379|https://openalex.org/A5116853380,|||,KZ|KZ|KZ|KZ,International Information Technologies University|International Information Technologies University|International Information Technologies University|Al-Farabi Kazakh National University,https://openalex.org/I4210143508|https://openalex.org/I4210143508|https://openalex.org/I4210143508|https://openalex.org/I185571130,True|False|False|False,,0.05006298,0,https://openalex.org/I4210143508,CREATION OF A SIMULATION PLATFORM FOR TESTING UAV CONTROL ALGORITHMS,https://doi.org/10.53364/24138614_2025_36_1_3,,0.0,,False,en,True,bronze,Вестник Академии гражданской авиации,https://openalex.org/S4210190364,2413-8614,journal,Robotic Path Planning Algorithms,2025-03-01,2025,article
https://openalex.org/W7108600535,"Drone technology has witnessed significant advancements, transforming from basic remote-controlled devices into highly sophisticated autonomous aerial systems equipped with advanced sensors, robust communication modules, and intelligent navigation algorithms. These unmanned aerial vehicles (UAVs) are now integral to a wide array of industries including precision agriculture, environmental monitoring, infrastructure inspection, emergency response, security surveillance, and commercial logistics. This paper presents a comprehensive review of the current state of drone technology, emphasizing the critical hardware components such as multispectral sensors, LiDAR, GPS/INS navigation systems, and communication technologies spanning RF, 4G/5G, and satellite links. Furthermore, the paper explores emerging trends that are shaping the future of UAVs, including the integration of artificial intelligence and machine learning techniques that enable autonomous decision-making, obstacle avoidance, and adaptive flight control. The concept of swarm robotics is discussed, highlighting how multiple drones can collaborate to perform complex missions with enhanced efficiency and redundancy. The role of 5G-enabled edge computing is examined, which facilitates ultra-low latency data processing and real-time analytics critical for beyond visual line of sight (BVLOS) operations. In addition, the paper addresses prevailing challenges such as regulatory constraints, airspace integration, limited battery life, payload restrictions, and cybersecurity risks. Safety concerns and ethical considerations surrounding privacy and data security are also evaluated. Finally, the paper outlines prospective research directions aimed at advancing battery technologies, enhancing autonomous swarm coordination, improving sensor fusion, and developing resilient communication frameworks. These innovations are expected to broaden the operational capabilities of drones and accelerate their adoption across increasingly complex and dynamic environments.",Sachin Vitthalrao Gaikwad,,,,,,True,cc-by,0.52429877,0,,Emerging Trends And Core Technologies In Drone Technology_602,https://doi.org/10.5281/zenodo.17810962,,0.0,,False,en,True,green,Zenodo (CERN European Organization for Nuclear Research),https://openalex.org/S4306400562,,repository,UAV Applications and Optimization,2025-01-01,2025,article
https://openalex.org/W7108620628,"Drone technology has witnessed significant advancements, transforming from basic remote-controlled devices into highly sophisticated autonomous aerial systems equipped with advanced sensors, robust communication modules, and intelligent navigation algorithms. These unmanned aerial vehicles (UAVs) are now integral to a wide array of industries including precision agriculture, environmental monitoring, infrastructure inspection, emergency response, security surveillance, and commercial logistics. This paper presents a comprehensive review of the current state of drone technology, emphasizing the critical hardware components such as multispectral sensors, LiDAR, GPS/INS navigation systems, and communication technologies spanning RF, 4G/5G, and satellite links. Furthermore, the paper explores emerging trends that are shaping the future of UAVs, including the integration of artificial intelligence and machine learning techniques that enable autonomous decision-making, obstacle avoidance, and adaptive flight control. The concept of swarm robotics is discussed, highlighting how multiple drones can collaborate to perform complex missions with enhanced efficiency and redundancy. The role of 5G-enabled edge computing is examined, which facilitates ultra-low latency data processing and real-time analytics critical for beyond visual line of sight (BVLOS) operations. In addition, the paper addresses prevailing challenges such as regulatory constraints, airspace integration, limited battery life, payload restrictions, and cybersecurity risks. Safety concerns and ethical considerations surrounding privacy and data security are also evaluated. Finally, the paper outlines prospective research directions aimed at advancing battery technologies, enhancing autonomous swarm coordination, improving sensor fusion, and developing resilient communication frameworks. These innovations are expected to broaden the operational capabilities of drones and accelerate their adoption across increasingly complex and dynamic environments.",Sachin Vitthalrao Gaikwad,,,,,,True,cc-by,0.52472912,0,,Emerging Trends And Core Technologies In Drone Technology_602,https://doi.org/10.5281/zenodo.17810961,,0.0,,False,en,True,green,Zenodo (CERN European Organization for Nuclear Research),https://openalex.org/S4306400562,,repository,UAV Applications and Optimization,2025-01-01,2025,article
https://openalex.org/W4415166428,"With the widespread application of UAV technology in military, agricultural, logistics, and other fields, path planning, as a core technology of autonomous navigation, faces challenges from complex environmental constraints and multi-objective optimization. This paper systematically investigates the application of Particle Swarm Optimization (PSO) and its improved strategies in UAV 3D path planning. Secondly, by comparing five algorithmstraditional PSO, Variable social weight PSO, mutated particle PSO, hybrid strategy PSO, and neural network-assisted PSOin complex terrains with varying numbers of peaks (N=5, 13, 20), their performance is evaluated. Simulation results indicate that the traditional PSO algorithm is simple and efficient but prone to premature convergence. The Variable social weight PSO excels in balancing exploration and exploitation capabilities, enhancing convergence speed. The mutated particle PSO and hybrid PSO effectively avoid local optima and demonstrate superior path quality in complex terrains. The neural network-assisted PSO incurs higher computational costs in high-dimensional complex environments and is susceptible to overfitting in simple environments. This study provides a theoretical basis for algorithm selection in different mission scenarios and proposes future directions for intelligent path planning technology development.",Shuyi Shen,https://openalex.org/A5065028042,https://orcid.org/0000-0003-1392-3982,CN,Civil Aviation University of China,https://openalex.org/I28813325,True,cc-by,0.30271697,0,https://openalex.org/I28813325,Research on UAV Flight Trajectory Based on PSO and Improved PSO Algorithms,https://doi.org/10.54254/2755-2721/2026.ka27946,,0.0,,False,en,True,hybrid,Applied and Computational Engineering,https://openalex.org/S4387281889,2755-2721,journal,Robotic Path Planning Algorithms,2025-10-14,2025,article
https://openalex.org/W7108686484,"Drone technology has witnessed significant advancements, transforming from basic remote-controlled devices into highly sophisticated autonomous aerial systems equipped with advanced sensors, robust communication modules, and intelligent navigation algorithms. These unmanned aerial vehicles (UAVs) are now integral to a wide array of industries including precision agriculture, environmental monitoring, infrastructure inspection, emergency response, security surveillance, and commercial logistics. This paper presents a comprehensive review of the current state of drone technology, emphasizing the critical hardware components such as multispectral sensors, LiDAR, GPS/INS navigation systems, and communication technologies spanning RF, 4G/5G, and satellite links. Furthermore, the paper explores emerging trends that are shaping the future of UAVs, including the integration of artificial intelligence and machine learning techniques that enable autonomous decision-making, obstacle avoidance, and adaptive flight control. The concept of swarm robotics is discussed, highlighting how multiple drones can collaborate to perform complex missions with enhanced efficiency and redundancy. The role of 5G-enabled edge computing is examined, which facilitates ultra-low latency data processing and real-time analytics critical for beyond visual line of sight (BVLOS) operations. In addition, the paper addresses prevailing challenges such as regulatory constraints, airspace integration, limited battery life, payload restrictions, and cybersecurity risks. Safety concerns and ethical considerations surrounding privacy and data security are also evaluated. Finally, the paper outlines prospective research directions aimed at advancing battery technologies, enhancing autonomous swarm coordination, improving sensor fusion, and developing resilient communication frameworks. These innovations are expected to broaden the operational capabilities of drones and accelerate their adoption across increasingly complex and dynamic environments.",Sachin Vitthalrao Gaikwad,,,IN,SRM University,https://openalex.org/I4210131147,True,cc-by,0.52593848,0,https://openalex.org/I4210131147,Emerging Trends and Core Technologies in Drone Technology,https://doi.org/10.5281/zenodo.17810939,,0.0,,False,,True,green,Zenodo (CERN European Organization for Nuclear Research),https://openalex.org/S4306400562,,repository,UAV Applications and Optimization,2025-12-04,2025,article
https://openalex.org/W7117588589,,Nikolaos D. Almalis|George A. Tsihrintzis|Achilleas Stergioulis|Mitsios Michail,https://openalex.org/A5121564678|https://openalex.org/A5001264416|https://openalex.org/A5004529894|https://openalex.org/A5120807980,|https://orcid.org/0000-0002-2716-4035||,GR|GR|GR|GR,Hellenic Aerospace Industry (Greece)|University of Piraeus|Hellenic Aerospace Industry (Greece)|Hellenic Aerospace Industry (Greece),https://openalex.org/I143165994|https://openalex.org/I154757721|https://openalex.org/I143165994|https://openalex.org/I143165994,True|False|False|False,,0.70447625,0,https://openalex.org/I143165994,Federated Deep Reinforcement Learning for Collaborative Autonomous Navigation in GPS-Denied Environments,https://doi.org/10.1109/iisa66859.2025.11311273,,0.0,,False,,False,closed,,,,,UAV Applications and Optimization,2025-07-10,2025,article
https://openalex.org/W7108635726,"Drone technology has witnessed significant advancements, transforming from basic remote-controlled devices into highly sophisticated autonomous aerial systems equipped with advanced sensors, robust communication modules, and intelligent navigation algorithms. These unmanned aerial vehicles (UAVs) are now integral to a wide array of industries including precision agriculture, environmental monitoring, infrastructure inspection, emergency response, security surveillance, and commercial logistics. This paper presents a comprehensive review of the current state of drone technology, emphasizing the critical hardware components such as multispectral sensors, LiDAR, GPS/INS navigation systems, and communication technologies spanning RF, 4G/5G, and satellite links. Furthermore, the paper explores emerging trends that are shaping the future of UAVs, including the integration of artificial intelligence and machine learning techniques that enable autonomous decision-making, obstacle avoidance, and adaptive flight control. The concept of swarm robotics is discussed, highlighting how multiple drones can collaborate to perform complex missions with enhanced efficiency and redundancy. The role of 5G-enabled edge computing is examined, which facilitates ultra-low latency data processing and real-time analytics critical for beyond visual line of sight (BVLOS) operations. In addition, the paper addresses prevailing challenges such as regulatory constraints, airspace integration, limited battery life, payload restrictions, and cybersecurity risks. Safety concerns and ethical considerations surrounding privacy and data security are also evaluated. Finally, the paper outlines prospective research directions aimed at advancing battery technologies, enhancing autonomous swarm coordination, improving sensor fusion, and developing resilient communication frameworks. These innovations are expected to broaden the operational capabilities of drones and accelerate their adoption across increasingly complex and dynamic environments.",Sachin Vitthalrao Gaikwad,,,IN,SRM University,https://openalex.org/I4210131147,True,cc-by,0.53603166,0,https://openalex.org/I4210131147,Emerging Trends and Core Technologies in Drone Technology,https://doi.org/10.5281/zenodo.17810938,,0.0,,False,,True,green,Zenodo (CERN European Organization for Nuclear Research),https://openalex.org/S4306400562,,repository,UAV Applications and Optimization,2025-12-04,2025,article
https://openalex.org/W7117717094,,Yijia Chen,https://openalex.org/A5032709994,https://orcid.org/0000-0002-9295-5028,CN,Hainan University,https://openalex.org/I20942203,True,,0.68567099,0,https://openalex.org/I20942203,Innovative Comparison of PSO for UAV 3D Path Planning: Multi-Dimensional Breakthroughs from Convergence to Path Quality,https://doi.org/10.1109/icceic67916.2025.11308831,,0.0,,False,,False,closed,,,,,Robotic Path Planning Algorithms,2025-10-17,2025,article
https://openalex.org/W4391951711,,Xiaojing Zhu,https://openalex.org/A5100685783,https://orcid.org/0000-0002-2818-517X,CN,Shanghai Open University,https://openalex.org/I4210111163,True,,0.01555514,0,https://openalex.org/I4210111163,Research on the trajectory planning of logistics drones in mountainous environments based on heuristic algorithm,https://doi.org/10.1117/12.3015879,,0.0,,False,en,False,closed,,,,,Robotic Path Planning Algorithms,2024-02-20,2024,article
https://openalex.org/W7124265498,,D.N. Shevelev|A.V. Roslyakov|N.I. Smelov|N.A. Zadorina|A.N. Lomanov,https://openalex.org/A5123081635|https://openalex.org/A5057957540|https://openalex.org/A5123135281|https://openalex.org/A5066012733|https://openalex.org/A5123102137,||||,||||,,,True|False|False|False|False,,0.7736733,0,,Development of complex for protecting critical infrastructure facilities from unmanned aerial vehicles,https://doi.org/10.18127/j20700784-202510-08,,0.0,,False,,False,closed,Achievements of Modern Radioelectronics,https://openalex.org/S4210211627,2070-0784,journal,UAV Applications and Optimization,2025-01-01,2025,article
https://openalex.org/W4415610043,,A. Bodnar|Ihor Rabiichuk|Pavlo Serdyuk|Andriy Fechan,https://openalex.org/A5020082847|https://openalex.org/A5100036087|https://openalex.org/A5095888395|https://openalex.org/A5081855412,https://orcid.org/0009-0006-0891-9865|https://orcid.org/0009-0002-0881-0406|https://orcid.org/0000-0002-2677-3170|https://orcid.org/0000-0001-9970-5497,|||,,,True|False|False|False,,0.43773128,0,,Use of swarm intelligence in unmanned vehicles,https://doi.org/10.23939/jcpee2025.01.007,,0.0,,False,,False,closed,Computational Problems of Electrical Engineering,https://openalex.org/S4210229910,2224-0977,journal,UAV Applications and Optimization,2025-10-20,2025,article
https://openalex.org/W7124809988,"Early-stage weed detection in farmland imagery plays a critical role in precision agriculture, helping minimize herbicide usage and maximize crop productivity. CNNs have shown potential in this domain, but their performance heavily depends on optimal configuration of hyperparameters and feature selection. However, conventional CNN models often struggle with overfitting, high computational cost, and suboptimal accuracy due to manual or heuristic tuning of parameters. These limitations hinder their reliability in complex field environments where weed and crop appearances vary significantly. To address these issues, we propose an Integrated Particle Swarm Optimization with Convolutional Neural Network (I-PSO-CNN) framework. This method leverages the global search capability of PSO to autonomously fine-tune CNN hyperparameters, including learning rate, number of filters, and convolutional kernel size, thereby improving feature learning and generalization. The optimized model is applied for real-time detection and classification of early-stage weeds in Unmanned Aerial Vehicles (UAV)-acquired farmland imagery. This allows for accurate weed mapping and facilitates targeted herbicide application. Experimental results demonstrate that the I-PSO-CNN model outperforms traditional CNNs in terms of detection accuracy, training efficiency, and robustness to image variations, making it suitable for large-scale agricultural deployments.",Hossein Bahrani|Sebti Abu-Rukba,https://openalex.org/A5043348971|https://openalex.org/A5123350529,|,|,,,True|False,,0.79653808,0,,Swarm Optimization Enhanced Convolutional Neural Network for Early Stage Weed Detection in Farmland Imagery,https://doi.org/10.70023/sahd/25020204,,0.0,,False,,True,bronze,PatternIQ mining.,https://openalex.org/S4404664174,3006-8894,journal,Smart Agriculture and AI,2025-05-20,2025,article
https://openalex.org/W7130558536,,Seema Malik|Shreyash Yadav|Rishabh Jain|Dheeraj Joshi|R. K. Yadav,https://openalex.org/A5126385524||https://openalex.org/A5078351020|https://openalex.org/A5126372746|https://openalex.org/A5126436277,||https://orcid.org/0000-0001-5457-3929||,IN|IN|IN|IN|,Vivekananda Institute of Medical Sciences|Indian Institute of Technology Madras|Institute of Management Technology|Delhi Technological University|,https://openalex.org/I4210131107|https://openalex.org/I24676775|https://openalex.org/I166533956|https://openalex.org/I863896202|,True|False|False|False|False,,0.88586976,0,https://openalex.org/I4210131107,"The Integration of AI-Driven Multi-UAV Networks, Edge Computing, and MIMO for IoT Applications",https://doi.org/10.1109/aece67531.2025.11386573,,0.0,,False,,False,closed,,,,,UAV Applications and Optimization,2025-11-21,2025,article
