ID,Título Completo,Autores,Año,Fuente,Tipo Publicación,Factor Impacto,DOI,URL,Base de Datos,Citaciones,Algoritmo Principal,Algoritmo Secundario,Variante Específica,Aplicación Principal,Aplicación Específica,Tamaño Flota,Tipo Ambiente,Obstáculos,Métrica: Tiempo,Métrica: Energía,Métrica: Cobertura,Métrica: Convergencia,Complejidad Computacional,Validación,Entorno Simulación,Pruebas Reales,Tamaño Dataset,Ventajas Identificadas,Limitaciones,Comparación Con,Contribución Original,Trabajo Futuro,Relevancia,Sección Paper,Citación BibTeX,Palabras Clave,Abstract Resumido,Figuras Relevantes,Citar: Introducción,Citar: Metodología,Citar: Análisis,Citar: Conclusiones,Estado Lectura,Fecha Análisis,Notas Personales,Conflictos/Dudas,Source_File,ESTADÍSTICAS GENERALES DEL ANÁLISIS,Unnamed: 1,Tipo_Publicacion,Base_Datos,Algoritmo_Principal,Aplicacion_Principal,Tipo_Ambiente,Obstaculos,Validacion_Tipo,Pruebas_Reales,Relevancia_Nivel,Seccion_Paper,Estado_Lectura
PAPER_001,Coverage path planning of heterogeneous unmanned aerial vehicles based on ant colony system,"Jinchao Chen, Fuyuan Ling, Ying Zhang, Tao You, Yifan Liu, Xiaoyan Du",2021.0,Swarm and Evolutionary Computation,Journal,SCI (Science Citation Index),https://doi.org/10.1016/j.swevo.2021.101005,www.elsevier.com/locate/swevo,ScienceDirect,0.0,ACO,"MILP, Vecino más cercano, Algoritmo UUniFast",APPA (ACS-based path planning algorithm),Otro,Búsqueda cooperativa en sistemas de gran escala con múltiples regiones separadas y UAVs heterogéneos,De 2 a 10 UAVs,3D-Dinámico,No,Tiempo de ejecución y tiempo de finalización de tarea,"Mencionada como beneficio de heterogeneidad, pero no es métrica principal de optimización",Visita completa y búsqueda de todas las regiones de interés,La regla de actualización global de feromonas mejora la velocidad de convergencia,"Los resultados demuestran que APPA supera a otros métodos heurísticos como GA y SDF en precisión y eficiencia, logrando soluciones muy cercanas a las óptimas (MILP) con una complejidad computacional pseudo-polinomial que permite manejar sistemas de gran escala de forma más rápida,,,. No obstante, el modelo actual presenta vacíos técnicos al omitir la evitación de obstáculos, la gestión de fallos de equipo y el consumo de energía detallado,.",Solo Simulación,"C++, Microsoft Visual Studio 2015, Intel Core i5-3320M 2.60 GHz",No,100 instancias para cada punto experimental,"Mejor búsqueda global, eficiencia superior a MILP en gran escala y menores ratios de desviación","No considera evitación de obstáculos, fallos de comunicación ni consumo dinámico de energía","MILP, GA, SDF, STCA_NA, STCA_NE",Formulación MILP exacta y heurística APPA basada en ratios de tiempo efectivos,Incorporar modelos tecnológicos avanzados para mejorar precisión y aplicar a otros escenarios,Media,Multiple,Información no presente en las fuentes,"Ant colony system (Sistema de colonia de hormigas), Coverage path planning (Planificación de rutas de cobertura), Unmanned aerial vehicle (Vehículo aéreo no tripulado), Multiple regions (Múltiples regiones), Heterogeneous UAVs (UAVs heterogéneos).","El estudio aborda el problema de la planificación de rutas de cobertura (CPP) para múltiples UAVs heterogéneos en sistemas de búsqueda cooperativa de gran escala con regiones separadas. Dado que este es un problema NP-hard, se propone un algoritmo basado en el sistema de colonia de hormigas (ACS) para obtener rutas que cubran todas las regiones de manera eficiente. El método incluye una formulación de programación lineal para rutas punto a punto y una heurística para minimizar el tiempo de finalización de las tareas. Los experimentos demuestran que el algoritmo propuesto ofrece soluciones de alta calidad con tiempos de ejecución razonables.","
    ◦ Fig. 1: Proceso evolutivo de algoritmos de optimización bio-inspirados en problemas de planificación de rutas.
    ◦ Fig. 2: Tiempo de ejecución de los seis enfoques comparados en regiones generadas aleatoriamente.
    ◦ Fig. 4: Tiempos de finalización de tareas de los métodos evaluados.
    ◦ Fig. 6: Ratios de desviación de los cinco enfoques inexactos respecto al óptimo.","""En contraste con los vehículos aéreos tripulados, el UAV libera al humano de trabajos peligrosos, aburridos y pesados"".",An ACS-based heuristic is presented to seek approximately optimal solutions',"""Se presenta una heurística basada en ACS para buscar soluciones aproximadamente óptimas y minimizar el consumo de tiempo de las tareas en el sistema de búsqueda cooperativa"". El algoritmo se divide en una fase de asignación de regiones basada en ""ratios de tiempo efectivos"" y una fase de optimización del orden de visita.","""Nuestro enfoque tiene un rendimiento significativamente mejor que los otros cuatro algoritmos (GA, SDF, STCA_NA y STCA_NE) en términos de tiempo de finalización de la tarea"".",Analizado,2026-01-09 00:00:00,"El estudio es relevante porque considera la heterogeneidad de los UAVs (diferentes velocidades y capacidades de escaneo), lo cual es más realista para aplicaciones agrícolas o de vigilancia que los modelos homogéneos. Es notable que el algoritmo logra un ratio de desviación de solo 1.2% cuando se manejan 50 regiones, lo que indica una alta precisión para un método heurístico.","Los autores declaran que no existe conflicto de intereses. Una limitación técnica mencionada es que el modelo actual no considera la evitación de obstáculos, colisiones, ni fallos de equipo durante la misión.",Fichas_Analisis_NUEVO,,,,,,,,,,,,,
PAPER_002,Improved Artificial Bee Colony Algorithm Based on Multi-Strategy Synthesis for UAV Path Planning,"Siqi Lin, Feifei Li, Xuyang Li, Kejin Jia, Xiaowei Zhang",2022.0,IEEE Access,Journal,No mencionado explícitamente,10.1109/ACCESS.2022.3218685,10.1109/ACCESS.2022.3218685,ScienceDirect,0.0,ABC,"Optimización por Enjambre de Partículas (PSO), Algoritmo ABC de Búsqueda (SABC), Algoritmo ABC del Mejor Global (GABC)","IABC (Improved Artificial Bee Colony) con mapeo caótico de Tent, principio de Pareto y evolución estocástica tangente",Otro,Generación de trayectorias óptimas y suaves en entornos urbanos 3D complejos con múltiples restricciones de vuelo,UAV individual (proyecta uso multi-UAV a futuro),3D-Estático,"Construcciones urbanas como cuerpos rectangulares y fuentes de amenaza divididas en zonas de peligro, moderación y seguridad",Eficiencia operativa y reducción del tiempo de búsqueda para ruta óptima,Considerada indirectamente mediante reducción de distancia de vuelo y consumo de combustible,No aplica en sentido de barrido de área; se enfoca en evitación de colisiones y alcance de objetivo,Velocidad de iteración (IABC requiere menos iteraciones que otros algoritmos),Algoritmo de baja complejidad y alta adaptabilidad en comparación con otros métodos biónicos,Solo Simulación,"Espacio tridimensional 80m x 80m x 25m con tres escenarios de dificultad progresiva (Casos 1, 2, 3)",No,No utiliza dataset externo; usa modelos matemáticos de entorno y parámetros de población de abejas,"Alta eficiencia, convergencia rápida, excelente capacidad para saltar de óptimos locales, generación de rutas suaves mediante spline cúbico",Método solo aplicable a entornos estáticos,"IABC demostró superioridad en valor óptimo, valor medio y desviación estándar, más estable que PSO y ABC estándar","Diseño de estrategia de búsqueda guiada, inicialización de población con mapa de Tent y Pareto, mecanismo de evolución estocástica tangente para mejorar calidad de descendencia",Planificación de rutas para múltiples UAVs bajo amenazas dinámicas y ajuste adaptativo de trayectoria,Alta,Multiple,"@article{lin2022improved, title={Improved Artificial Bee Colony Algorithm...}, author={Lin, Siqi and others}, journal={IEEE Access}, year={2022}}","Artificial bee colony algorithm (ABC), path planning, unmanned aerial vehicle (UAV), cubic spline interpolation","Propone mejora del algoritmo ABC (IABC) mediante síntesis de múltiples estrategias para optimizar ruta de UAVs en ciudades 3D, logrando trayectorias suaves y eficientes que superan a algoritmos tradicionales en velocidad y precisión","15 figuras incluyendo modelos de entorno (Fig. 2), diagramas de flujo (Fig. 6), curvas de convergencia (Fig. 8, 11, 14)","Referencias sobre uso de UAVs (1-3) y algoritmos inteligentes como GA, ACO y PSO (4-10)",Referencias al ABC original (11) y técnicas de inicialización caótica (29-32) e interpolación (28),Compara resultados con variantes de ABC propuestas por otros autores en referencias 34 y 35,Resume beneficios de interpolación de spline cúbico y estrategias de Pareto sin añadir citas nuevas fuera del análisis previo,Analizado,2026-01-09 00:00:00,"Uso del principio de Pareto (regla 80/20) para filtrar solo el 20% de la población como élite, optimizando drásticamente costo computacional de iteración",No se declaran conflictos de interés; estudio financiado por Programa de Investigación y Desarrollo de Provincia de Hebei,Fichas_Analisis_NUEVO,,,,,,,,,,,,,
PAPER_003,A Modified Sparrow Search Algorithm with Application in 3d Route Planning for UAV,"Guiyun Liu, Cong Shu, Zhongwei Liang, Baihao Peng, Lefeng Cheng",2021.0,Sensors (MDPI),Journal,"No especificado en fuentes (nota: según registros externos, Sensors tiene factor de impacto relevante)",https://doi.org/10.3390/s21041224,https://www.mdpi.com/1424-8220/21/4/1224,Otro,0.0,SSA,SSA,CASSA (Chaotic Adaptive Sparrow Search),Otro,Búsqueda de ruta óptima en entorno de vuelo tridimensional (3D) complejo con múltiples restricciones y obstáculos,Simulaciones centradas en planificación de ruta para un solo UAV,3D-Dinámico,Columnas negras (amenazas) y elevaciones propias del terreno,Tiempo de ejecución (running time) en segundos,"No medida directamente en Joules, evaluada mediante longitud de ruta y estabilidad de altura para minimizar consumo de combustible","No es enfoque principal, objetivo es navegación punto a punto","Velocidad de convergencia, precisión de solución y capacidad de evitar estancamiento en óptimos locales",Problema de optimización de alta dimensión y multirestricción,Solo Simulación,Matlab-2016b en PC con Intel Core i5-9400 @2.40 GHz y 16 GB RAM,No,12 funciones matemáticas para pruebas de algoritmo y área de misión de 150 km x 100 km x 8 km para ruta,"Mejor diversidad de población, mayor precisión de convergencia, más efectivo para escapar de óptimos locales que SSA original",Tiempo de ejecución de CASSA es ligeramente superior al SSA original debido a operaciones de mutación adicionales,"SSA original, PSO (Particle Swarm Optimization), ABC (Artificial Bee Colony), WOA (Whale Optimization Algorithm)","Variante mejorada del algoritmo de búsqueda de gorriones que utiliza curvas B-Spline para suavizar rutas generadas, haciéndolas más viables para vuelo real","Introducir restricciones de velocidad de vuelo, amenazas dinámicas, diferentes tipos de obstáculos y aplicar CASSA a formación de múltiples UAVs",Alta,Multiple,"@Article{liu2021cassa, AUTHOR = {Liu, Guiyun and Shu, Cong and Liang, Zhongwei and Peng, Baihao and Cheng, Lefeng}, TITLE = {A Modified Sparrow Search Algorithm with Application in 3d Route Planning for UAV}, JOURNAL = {Sensors}, VOLUME = {21}, YEAR = {2021}, NUMBER = {4}, ARTICLE-NUMBER = {1224}, URL = {https://www.mdpi.com/1424-8220/21/4/1224}, DOI = {10.3390/s21041224}}",Unmanned aerial vehicle; optimization algorithm; modified sparrow search algorithm; route planning,"Propone algoritmo CASSA para resolver planificación de rutas 3D, transformando problema en optimización multidimensional que utiliza estrategias caóticas, pesos adaptativos y mutación de Cauchy-Gaussian para superar ineficiencias de algoritmos previos","Diagramas de flujo del algoritmo (Fig. 3 y 7), trayectorias de partículas (Fig. 4), curvas de convergencia (Fig. 5 y 11), visualizaciones de rutas 3D (Fig. 8 y 9)",The three-dimensional (3d) route planning for unmanned aerial vehicle (UAV) can be considered as a multi-constraint global optimization problem,The chaotic strategy is used to enhance the randomness of the positions... an adaptive inertia weight is applied to balance the convergence rate... the Cauchy–Gaussian mutation strategy is adopted to improve the capability to get rid of stagnation,"The results of simulation demonstrate that the routes generated by CASSA are preferable to the sparrow search algorithm (SSA), particle swarm optimization (PSO), artificial bee colony (ABC), and whale optimization algorithm (WOA) under the identical environment",The experimental results demonstrate that CASSA is an efficient and viable method in the field of UAV route planning,Analizado,2026-03-07,Uso de curvas B-Spline es fundamental en este trabajo para convertir puntos discretos de optimización en trayectorias de vuelo suaves y realistas,Autores declaran que no existen conflictos de interés,Fichas_Analisis_NUEVO,,,,,,,,,,,,,
PAPER_004,Multi-UAV Optimal Mission Assignment and Path Planning for Disaster Rescue Using Adaptive Genetic Algorithm and Improved Artificial Bee Colony Method,"Haoting Liu, Jianyue Ge, Yuan Wang, Jiacheng Li, Kai Ding, Zhiqiang Zhang, Zhenhui Guo, Wei Li, Jinhui Lan",2021.0,Actuators (MDPI),Journal,No mencionado explícitamente,https://doi.org/10.3390/act11010004,https://www.mdpi.com/2076-0825/11/1/4,Otro,0.0,GA,Colonia de Abejas Artificiales Mejorada (IABC) para planificación de rutas entre puntos de misión,AGA con nueva función de aptitud basada en número de iteraciones e IABC con estrategia de búsqueda equilibrada para mejorar convergencia,Búsqueda-Rescate,"Coordinación de drones para entrega de medicamentos, recolección de imágenes y relevo de comunicaciones en zonas afectadas","20 UAVs en simulaciones específicas (15 de entrega, 3 de imágenes, 2 de relevo) divididos en dos grupos",3D-Dinámico,"Tres fuentes de amenaza: clima severo (viento y lluvia), torres de transmisión (interferencia electromagnética) y tierras altas (obstáculos físicos)",Tiempo de procesamiento (Processing Time) en segundos,Consumo de combustible/aceite (Oil consumption),"No se define como métrica porcentual, se mide a través de función de ingresos por misiones cumplidas en puntos específicos",Evaluada mediante comparación de valores de función de aptitud (fitness) a lo largo de iteraciones,No se indica notación Big O específica; mejoras algorítmicas añaden carga computacional a cambio de mayor precisión y convergencia,Simulación+Experimentos,Programado en Python (Pycharm 2020) en PC con procesador Intel Core i3 y 4 GB de RAM,No,Coordenadas de puntos de misión (8 y 18 puntos) y datos de observación atmosférica de estaciones meteorológicas,"Consideración de aplicaciones de ingeniería práctica, alta precisión computacional, buena extensibilidad del modelo para otros escenarios",Modelos de amenazas simplificados (ej. clima como círculo) e interactividad humano-computadora limitada,"Algoritmo Genético (GA) tradicional, Colonia de Abejas Artificiales (ABC) básica, Optimización por Enjambre de Partículas (PSO), Algoritmo de Campo de Potencial Artificial (APFA)",Modelo integral de asignación de misiones y planificación de rutas que integra nueva función de costo-beneficio con método AHP y mejoras en capacidad de búsqueda global de algoritmos AGA e IABC,"Incorporar modelos de temperatura atmosférica, modelos de terreno 3D más detallados y factores como radio mínimo de giro de UAVs",Alta,Multiple,"No proporcionado directamente; metadatos disponibles: Liu et al., 2022, Actuators, Vol. 11, No. 4","Multiple UAVs, mission assignment, path planning, genetic algorithm, artificial bee colony, disaster rescue","Propone método óptimo de asignación de misiones y planificación de rutas para drones en rescates tras desastres, utilizando algoritmo genético adaptativo y colonia de abejas artificiales mejorada, considerando amenazas ambientales y optimizando funciones de costo-beneficio mediante proceso de jerarquía analítica (AHP)","Mapa conceptual del rescate (Fig. 1), diagrama de flujo computacional (Fig. 2), estructura jerárquica de AHP (Fig. 6), visualizaciones 3D de simulación (Fig. 14)",Uso de múltiples UAVs reduce costos y aumenta seguridad en comparación con sistemas de un solo dron,Método AHP utilizado para estimar objetivamente pesos de función de costo-beneficio,Algoritmo AGA logra mejor rendimiento que GA tradicional a medida que aumenta número de puntos de misión,Modelo propuesto es efectivo para apoyo en decisiones de rescate médico en desastres futuros,Analizado,2026-01-10 00:00:00,"Enfoque en tres tipos específicos de drones (entrega, imagen y relevo) es muy práctico para escenarios reales de emergencia","Tiempo de procesamiento de algoritmos mejorados es mayor, lo cual podría ser factor crítico en rescates en tiempo real si flota crece significativamente",Fichas_Analisis_NUEVO,,,,,,,,,,,,,
PAPER_005,Multi-UAV Path Planning Based on Fusion of Sparrow Search Algorithm and Improved Bioinspired Neural Network,"Qingli Liu, Yang Zhang, Mengqian Li, Zhenya Zhang, Na Cao, Jiale Shang",2021.0,IEEE Access,Journal,No mencionado explícitamente,10.1109/ACCESS.2021.3109879,10.1109/ACCESS.2021.3109879,IEEE Xplore,0.0,SSA,SSA,SSA + Bioinspired Neural Network,Otro,Vuelo en entornos montañosos de larga distancia con presencia de obstáculos dinámicos y zonas de amenaza (como radares enemigos),5 UAVs en experimentos de simulación,3D-Dinámico,"Montañas (terreno), zonas de amenaza cilíndricas (radares) y obstáculos aéreos dinámicos en movimiento","Busca baja complejidad computacional para planificación en tiempo real, no se detallan tiempos específicos de ejecución","No medida directamente en julios o vatios, optimizada a través de longitud de ruta y suavidad de giros",No aplicable a estudio de planificación de punto a punto,"SSA demuestra excelente estabilidad y convergencia en funciones de prueba, evitando caer en óptimos locales gracias a actualizaciones de posición discontinuas",Descrita como baja; algoritmo de fusión reduce requerimientos de potencia de cálculo de computadoras a bordo,Solo Simulación,Plataforma Matlab en computadora con CPU i7-7700HQ y 16G de memoria,No,6 instancias de mapas de entorno (Env1-Env6) con diferentes configuraciones de obstáculos y amenazas,"Rutas colisión-free en entornos dinámicos, trayectorias suaves y cortas, alta estabilidad, menor requerimiento computacional que métodos de planificación local pura","No involucra control de formación de UAVs, simplificando aspecto mediante tiempos de despegue secuenciales","Algoritmo de Colonia de Abejas Artificiales (ABC), Algoritmo de Libélula (DA), versión básica de BINN","Integración de SSA para planificación global con BINN mejorada para replanificación local, incluyendo capa de buffer en neuronas para mejorar éxito en evitación de obstáculos dinámicos",Aplicación en misiones de reconocimiento o navegación y mayor integración en aplicaciones prácticas de larga distancia,Alta,Multiple,"No incluida en texto, derivable de metadatos: @article{liu2021multi, title={Multi-UAV Path Planning Based on Fusion of Sparrow Search Algorithm and Improved Bioinspired Neural Network}, author={Liu, Qingli and others}, journal={IEEE Access}, year={2021}, publisher={IEEE}}","Path planning, multi-UAV, sparrow search algorithm, bioinspired neural network, safe surface","Propone método de fusión SSA-BINN para resolver inestabilidad e incapacidad de evitar obstáculos dinámicos en montañas. SSA encuentra nodos de bajo costo en superficie segura, curvas B-spline suavizan ruta y BINN realiza replanificación local ante obstáculos dinámicos","Fig. 1 (Modelado global/superficie segura), Fig. 2 (Modelado local de neuronas), Fig. 5 (Diagrama de flujo), Fig. 8-13 (Resultados de rutas y comparativas)",UAVs son vitales en misiones modernas y planificación de rutas es base de su éxito,"SSA usado para nodos globales y B-spline para suavizado; ante obstáculos dinámicos, se activa BINN para replanificación local",Algoritmo de fusión superó a ABC y DA en estabilidad y longitud de ruta en seis entornos probados,Combinación de planificación global y local reduce carga computacional y es ideal para aplicaciones prácticas de multi-UAV,Analizado,2026-03-07,"Uso de ""superficie segura"" elevada sobre terreno es estrategia clave para simplificar modelado 3D complejo","No se aborda control de formación, lo cual podría ser área crítica para implementación real de multi-UAVs en proximidad estrecha",Fichas_Analisis_NUEVO,,,,,,,,,,,,,
PAPER_006,Implementation of Swarm Intelligence Algorithms for Path Planning,"Alex T Mathew, Ajay Paul, Akshay Rojan, Amith Thomas",2021.0,"Journal of Physics: Conference Series, Volumen 1831",Conference,No mencionado en fuentes,10.1088/1742-6596/1831/1/012008,10.1088/1742-6596/1831/1/012008,Otro,0.0,PSO,Algoritmo Híbrido (ACO + PSO),"Enfoque híbrido donde ACO encuentra solución preliminar (nodos que atraviesan mapa evitando obstáculos) y PSO optimiza dicha solución tomándola como ""global best"" inicial",Otro,Navegación de sistemas multi-robot en terrenos desconocidos o con obstáculos,"Menciona contexto multi-robot, simulaciones muestran trayectoria de único robot",2D-Estático,Muros y bloques negros que robot debe evitar para llegar a destino,"Tiempo de completado en segundos; algoritmo híbrido mostró tiempos variables, en ocasiones más lento pero más preciso",No mencionada en fuentes,No mencionada como métrica de optimización; estudio centrado en longitud del camino,"No se detalla matemáticamente, se discute capacidad de generar soluciones válidas en mapas complejos","No especifica valor Big O, menciona muestreo de ruta para reducir requerimientos de memoria en algoritmo híbrido",Solo Simulación,Matlab Mobile Robotics Simulation Toolbox,No,No aplica; configuraciones de mapas de simulación (ej. puntos inicio y destinos variables),Algoritmo híbrido dio mejores soluciones (rutas más cortas) en todas configuraciones probadas; ACO capaz de encontrar soluciones en mapas complejos donde PSO falla; PSO ofrece rutas más suaves y cortas en mapas menos complejos,PSO puede fallar en generar rutas válidas en mapas muy complejos por naturaleza de soluciones iniciales aleatorias; ACO suele generar rutas más largas comparado con PSO,"Compara desempeño de PSO vs. ACO vs. Algoritmo Híbrido; menciona existencia de otros métodos como A*, D*, Campos de Potencial Artificial y RRT",Desarrollo e implementación de metodología híbrida que combina robustez de búsqueda de ACO con capacidad de optimización de PSO para mejorar planificación de rutas,"Reducir número de muestras tomadas para optimización secundaria, simular en ambientes más diversos para ajustar parámetros como coeficientes de aprendizaje y tamaño de población",Baja,Multiple,"No presente en fuentes; puede construirse: @article{mathew2021implementation, title={Implementation of Swarm Intelligence Algorithms for Path Planning}, author={Mathew, Alex T and Paul, Ajay and Rojan, Akshay and Thomas, Amith}, journal={Journal of Physics: Conference Series}, volume={1831}, number={1}, pages={012008}, year={2021}, publisher={IOP Publishing}}","Swarm intelligence, Path planning, Particle Swarm Optimization (PSO), Ant Colony Optimization (ACO), Hybrid algorithm","El artículo investiga la navegación en terrenos desconocidos para sistemas multi-robot utilizando algoritmos de inteligencia de enjambre. Los autores implementan ACO y PSO para resolver el problema de planificación de rutas y proponen un nuevo método híbrido donde ACO genera una solución preliminar que PSO luego optimiza, mejorando significativamente el rendimiento y la brevedad de la ruta en comparación con los métodos individuales.","
    ◦ Figuras 1 a 10: Visualizaciones de las trayectorias del robot en un entorno con obstáculos, comparando el desempeño de PSO, ACO y el Algoritmo Híbrido desde un punto de inicio hacia diversos destinos.
    ◦ Tabla 1: Comparativa cuantitativa que incluye la longitud de la mejor ruta y el tiempo de completado en segundos para cada configuración.",Path planning is an important metric in evaluating the performance of multi-robot systems,"This study takes a single parameter, the shortness of the path, as the quantity to be optimized","The hybrid algorithm, as shown by the comparison study, gave better solutions in every setting",Further research needs to be conducted on the usage of swarm intelligence algorithms for pathfinding,Analizado,2026-01-10 00:00:00,"Algoritmo híbrido parece resolver debilidad de PSO en entornos complejos al darle ""guía"" inicial mediante ACO",Fuentes no especifican detalles sobre consumo de energía ni complejidad computacional exacta en términos de tiempo de ejecución teórico,Fichas_Analisis_NUEVO,,,,,,,,,,,,,
PAPER_007,A Swarm Intelligence Graph-Based Pathfinding Algorithm Based on Fuzzy Logic (SIGPAF): A Case Study on Unmanned Surface Vehicle Multi-Objective Path Planning.,"Charis Ntakolia, Dimitrios V. Lyridis.",2021.0,Journal of Marine Science and Engineering (J. Mar. Sci. Eng.).,Journal,,10.3390/jmse9111243.,https://doi.org/10.3390/jmse9111243.,Otro,0.0,Otro,Fuzzy,SIGPAF (Fuzzy Logic Pathfinding),Otro,Planificación de rutas para Vehículos de Superficie No Tripulados (USVs) en el transporte marítimo.,El estudio se centra en el problema de planificación de ruta para un USV desde un nodo inicial hasta múltiples objetivos (Traveling Salesman Problem - TSP).,2D-Dinámico,Sí-Dinámicos,"Tiempo de cálculo (Computing time en milisegundos, ms).","Consumo de energía (Energy consumption, minEC, en kg/h).","Distancia recorrida (Traveled distance, minD, en km).",El algoritmo SIGPA tiene un error aceptable de convergencia (tol) como criterio de terminación.,"SIGPA tiene un bajo esfuerzo computacional, ideal para tiempo real. SIGPAF-M tiene mayor gasto computacional (más tiempo de defuzzificación). SIGPAF-TSK tiene menor tiempo de procesamiento que Mamdani y alcanza un mejor equilibrio entre el tiempo de cálculo y la calidad de la solución.",Simulación+Experimentos,"Se simuló usando Java, en un entorno Microsoft Windows 10 con un procesador AMD Ryzen 7 3800X 8-Core a 3.89 GHz y 32GB RAM.",No,"Para los escenarios aleatorios, se utilizaron grafos de 160 nodos, con 5 a 25 objetivos y 356 arcos permitidos.",SIGPA: Fiable para aplicaciones en tiempo real. SIGPAF-M: Genera mejores rutas con respecto a los objetivos. SIGPAF-TSK: Alcanza un mejor trade-off (equilibrio) entre el tiempo de cálculo y la calidad de la solución. Es robusto ante la presencia de ruido.,SIGPA: Pérdida en la calidad de la solución. SIGPAF (General): Presenta la debilidad de un alto gasto computacional en comparación con enfoques no difusos. SIGPAF-TSK: Solo puede usarse para sistemas MISO (Multiple-Input Single-Output) y hay una pérdida de interpretabilidad.,"SIGPA (original), SIGPAF-M (Mamdani FIS) y SIGPAF-TSK (Takagi–Sugeno–Kang FIS).","Mejorar el algoritmo SIGPA al integrar lógica difusa para generar caminos óptimos entre múltiples objetivos, abordando el problema de la planificación multi-objetivo para USVs.","Incluye el desarrollo de estudios de casos reales bajo diversas condiciones, modificando el modelado matemático para ajustarse a condiciones más complejas y reales.",Media,Multiple,"La fuente proporciona la información de citación de la siguiente manera: Ntakolia, C.; Lyridis, D.V. A Swarm Intelligence Graph-Based Pathfinding Algorithm Based on Fuzzy Logic (SIGPAF): A Case Study on Unmanned Surface Vehicle Multi-Objective Path Planning. J. Mar. Sci. Eng. 2021, 9, 1243. El DOI es https://doi.org/10.3390/jmse9111243. La información necesaria para un formato BibTeX completo (como el tipo de entrada, article) se puede construir, pero la fuente proporciona el formato de citación académica directamente.",path planning; metaheuristic algorithms; unmanned surface vehicles; maritime transportation; optimization; fuzzy logic.,"El estudio busca mejorar el rendimiento del algoritmo SIGPA mediante la integración de la lógica difusa (SIGPAF) para hacer frente a múltiples objetivos y generar soluciones de calidad. Se realiza una evaluación comparativa entre SIGPA y los dos sistemas de inferencia difusa más populares, Mamdani (SIGPAF-M) y Takagi–Sugeno–Kang (SIGPAF-TSK). Los resultados mostraron que SIGPA sigue siendo un enfoque fiable para aplicaciones en tiempo real debido a su bajo esfuerzo computacional; SIGPAF-M genera mejores rutas; y SIGPAF-TSK logra un mejor equilibrio (trade-off) entre la calidad de la solución y el tiempo de cálculo.","Figura 1: Diagrama de flujo del algoritmo de búsqueda de rutas basado en grafos glotón (GPA). Figura 2: Diagrama de flujo del algoritmo SIGPA. Figura 3: Función de pertenencia del Criterio 1 (Distancia Recorrida, Ecuación (1)). Figura 4: Función de pertenencia del Criterio 2 (Desviaciones de la ruta, Ecuación (2)). Figura 5: Función de pertenencia del Criterio 3 (Consumo de energía, Ecuación (3)). Figura 6: Función de pertenencia de la calidad general de la ruta. Figura 7: Diagrama de flujo del algoritmo SIGPAF. Figura 8: Entorno de simulación utilizado para la evaluación comparativa (área portuaria de El Pireo). Figura 9: Misiones utilizadas para la evaluación comparativa (Misión 1, Misión 2 y Misión 3).","Los enfoques tradicionales de planificación de rutas suelen incluir modelos de objetivo único, como la minimización de la distancia recorrida, el tiempo o el consumo de energía, utilizando algoritmos como Dijkstra y A*. Sin embargo, los entornos dinámicos y complejos exigen la planificación de rutas multi-objetivo (MO) donde se debe encontrar un equilibrio entre criterios contradictorios. Las metodologías convencionales para problemas MO, como el método de suma ponderada (WSM) o la optimización de Pareto, tienen limitaciones como el riesgo de soluciones óptimas locales o la necesidad de un responsable de la toma de decisiones, lo cual es crucial en aplicaciones en tiempo real. Los algoritmos basados en la búsqueda de rutas, como Dijkstra y A*, demandan un alto esfuerzo computacional, especialmente en mapas grandes y entornos complejos.","La metodología aborda la planificación de rutas multi-objetivo basada en grafos para USVs con obstáculos estáticos. Se formulan tres términos objetivos de optimización: Distancia Recorrida (minD), Desviaciones de la Ruta (minϕ) y Consumo de Energía (minEC). El algoritmo propuesto, SIGPAF, se basa en los principios del algoritmo A* y en el metaheurístico SIGPA. La lógica difusa se emplea para evaluar cada nodo durante la búsqueda de una ruta y para clasificar las rutas. Se utilizan tres subconjuntos difusos para las variables de entrada (por ejemplo, ""corto"", ""moderado"", ""largo"" para la distancia) y cinco para la variable de salida (Calidad de la Ruta). Se emplean los sistemas de inferencia difusa (FIS) de Mamdani y Takagi–Sugeno–Kang (TSK) para la evaluación.","La integración de la lógica difusa generalmente mejoró el rendimiento del algoritmo SIGPA en términos de optimización del camino con respecto a los objetivos. El algoritmo SIGPA necesita menos tiempo de cálculo (es más eficiente computacionalmente), ya que su criterio de evaluación se basa en el Error Cuadrático Medio (RMSE). SIGPAF-M tuvo éxito en encontrar mejores rutas con respecto a los términos objetivos (distancia recorrida, consumo de energía y desviaciones) en todos los casos iniciales, y este resultado se validó en escenarios aleatorios de complejidad creciente. SIGPAF-TSK presentó un rendimiento comparable al de SIGPA en el tiempo de cálculo, al mismo tiempo que alcanzó un mejor equilibrio (trade-off) entre el tiempo de cálculo y la calidad de la solución a medida que la complejidad del problema aumentaba.","SIGPA es una solución creíble para aplicaciones en tiempo real debido a su esfuerzo computacional, aunque con una pérdida en la calidad de la solución. Mamdani FIS (SIGPAF-M) genera mejores rutas con respecto a los términos objetivos, pero requiere más tiempo de cálculo. Para una solución equilibrada entre el tiempo de cálculo y la calidad de la solución, se recomienda el Takagi–Sugeno–Kang (SIGPAF-TSK).",Analizado,2026-03-07,"La investigación se centra en mejorar el algoritmo metaheurístico SIGPA mediante la integración de lógica difusa (SIGPAF) para abordar la planificación de rutas multi-objetivo (MO) para Vehículos de Superficie No Tripulados (USV), ya que los enfoques tradicionales de objetivo único, como Dijkstra y A*, resultan ser computacionalmente exigentes e insuficientes en entornos marítimos complejos y dinámicos. El problema MO se formuló para minimizar tres términos objetivos en conflicto: la Distancia Recorrida (minD), las Desviaciones de la Ruta (minϕ) y el Consumo de Energía (minEC), términos que son evaluados por un Sistema de Inferencia Difusa (FIS) que utiliza conjuntos difusos como ""corto"", ""moderado"" y ""largo"" para la distancia. ",Los autores declaran no tener conflicto de intereses.,Fichas_Analisis_NUEVO,,,,,,,,,,,,,
PAPER_008,Study on border patrol task planning of heterogeneous UAVs group based on swarm intelligence,"Nan Pan, Miaohan Zhang, Yuxuan Sun, Shiyun Chen, Haishi Liu, Xiaojue Guo",2022.0,Science Progress,Journal,No mencionado en fuentes,10.1177/00368504221094722,journals.sagepub.com/home/sci,Otro,0.0,SFLA,SFLA,ISFLA (Improved Shuffled Frog Leaping),Vigilancia,Patrullaje con UAVs heterogéneos en entornos de montaña complejos en 3D,5 UAVs de tres tipos diferentes,3D-Dinámico,"Cizalladura del viento, áreas militares restringidas, campos magnéticos, picos montañosos y ríos",Evalúa eficiencia de resolución y tiempo de vuelo por segmento de trayectoria,Consumo de energía de patrulla mínimo,Máxima cobertura de patrulla de puntos de interés,Mejora significativa en convergencia global y precisión en comparación con otros algoritmos,SFLA descrito con estructura simple y alta eficiencia de resolución,Solo Simulación,Software Matlab 2017b ejecutado en CPU Intel i7-9750H (2.60 GHz) con 16 GB de RAM,No,30 puntos de patrulla y 7 áreas de amenaza (picos montañosos),"Mayor adaptabilidad ambiental, alta eficiencia de patrulla, bajos costos operativos, precisión de solución superior al SFLA tradicional en 33.6%",SFLA tradicional depende excesivamente de parámetros de inicialización y tiende a caer en estancamiento (stagnation),"Algoritmos PSO, DE y SFLA estándar",Creación de modelo de planificación 3D coordinado para drones heterogéneos y propuesta de algoritmo ISFLA que integra estrategia de cruce diferencial y factores de paso adaptativos,Investigar planificación de patrullas específicamente enfocada en características ambientales de áreas montañosas de meseta,Alta,Multiple,"No presente en formato BibTeX; extraíble: Pan, N., et al. (2022). Study on border patrol task planning... Science Progress, 104(S4)","Heterogeneous UAVs, border patrol, shuffled frog leaping algorithm, patrol task planning, track planning","Propone método de patrulla fronteriza con UAVs heterogéneos mediante modelo de planificación coordinado 3D. Utiliza algoritmo ISFLA para optimizar consumo de energía y cobertura en entornos montañosos, demostrando mediante simulaciones mayor eficiencia y precisión que algoritmos PSO y DE","Mapa topográfico (Fig 1), Modelo de ajuste ambiental (Fig 2), División de población (Fig 3), Factor de paso adaptativo (Fig 4), Gráficas consumo energía y precisión (Figs 9-12)",Traditional border patrol methods have been unable to adapt to the current requirements of border patrol,Design an improved shuffled frog leaping algorithm (ISFLA) based on spiral search mechanism to solve the problem of task planning,"The solution accuracy of the ISLFA algorithm is 33.6%, 8.5%, and 12.4% higher than that of the SFLA, PSO, and DE algorithms, respectively",The use of heterogeneous UAVs to perform the border patrol task can effectively compensate for the problems existing in the single-type UAVs,Analizado,2026-03-07,Modelo considera factores físicos reales como resistencia del aire y densidad del aire constante,Autores declaran que no existen conflictos de interés potenciales,Fichas_Analisis_NUEVO,,,,,,,,,,,,,
PAPER_009,Safety-enhanced UAV path planning with spherical vector-based particle swarm optimization,"Manh Duong Phung, Quang Phuc Ha",2021.0,Applied Soft Computing Journal (Volumen 107),Journal,No disponible explícitamente en fuentes,https://doi.org/10.1016/j.asoc.2021.107376,https://github.com/duongpm/SPSO (código fuente),ScienceDirect,0.0,PSO,"Algoritmo Genético (GA), Colonia de Abejas Artificiales (ABC), Evolución Diferencial (DE) para comparación","SPSO, que utiliza sistema de coordenadas esféricas para representar movimientos del UAV",Mapeo,"Fotografía aérea, mapeo e inspección de superficies","Centrado en planificación para un solo UAV, validado con dron 3DR Solo",3D-Dinámico,Amenazas prescritas en cilindros y terreno irregular derivado de datos LiDAR,Evalúa tiempo de computación (ventaja de PSO) y minimización de tiempo de vuelo,"Minimización de consumo de combustible, relacionado directamente con longitud de trayectoria","Enfoque principal es seguridad y evitación de colisiones, no cobertura de área",Análisis de estabilidad y velocidad de convergencia; SPSO muestra rendimiento superior frente a variantes como QPSO,Analiza escalabilidad del algoritmo al aumentar número de puntos de ruta (waypoints) de 12 a 22,Prueba estadística t-test de muestras emparejadas y pruebas de vuelo experimentales,"Escenarios de referencia creados a partir de mapas de Isla de Navidad, Australia",Sí-Ambos,8 escenarios de evaluación con diferentes niveles de complejidad,"Búsqueda eficiente en espacio de configuración, integración directa de restricciones de giro y ascenso, mayor capacidad para evitar óptimos locales comparado con PSO clásico","Posibilidad de convergencia prematura en ciertos escenarios y uso de restricciones ""duras"" que podrían no ser óptimas para cambios dinámicos rápidos","PSO clásico, θ-PSO, QPSO, GA, ABC y DE","Introducción de algoritmo SPSO y nueva función de costo integral que considera longitud, amenazas, suavidad y altura de vuelo",Incorporar restricciones basadas en modelo dinámico exacto del UAV y probar SPSO en otros problemas de optimización,Alta,Multiple,No proporcionado en información dada,"Path planning, Particle swarm optimization, UAV","SPSO es nuevo algoritmo que optimiza rutas de UAVs traduciendo posición de partículas en vectores esféricos (velocidad y ángulos), permitiendo búsqueda más efectiva en espacio de configuración y superando a algoritmos estado-de-la-arte en simulaciones y pruebas reales","Fig. 1 (Costo de amenaza), Fig. 3 (Cálculo de ángulos), Fig. 7 (Trayectorias 3D), Fig. 12 (Resultados experimentales)",Planificación de rutas es crítica para que UAVs eviten amenazas y operen eficientemente minimizando distancia o tiempo,"SPSO codifica ruta como serie de vectores en coordenadas esféricas con magnitud (ρ), elevación (ψ) y azimut (ϕ)",SPSO logra mejores valores de aptitud (fitness) de manera estadística en escenarios complejos de alta densidad de obstáculos,"Algoritmo genera rutas factibles y seguras, demostrando precisión notable en seguimiento de trayectoria durante pruebas reales",Analizado,2026-01-10 00:00:00,Mapeo directo entre variables del algoritmo y capacidades físicas del dron (giro y ascenso) es lo que otorga ventaja competitiva a SPSO,"Necesidad de investigar mecanismos de aleatorización, como vuelos de Lévy, para evitar que enjambre quede atrapado en soluciones locales",Fichas_Analisis_NUEVO,,,,,,,,,,,,,
PAPER_010,A review of artificial intelligence applied to path planning in UAV swarms.,"Alejandro Puente-Castro, Daniel Rivero, Alejandro Pazos, Enrique Fernandez-Blanco",2021.0,Neural Computing and Applications,Review,,10.1007/s00521-021-06569-4,https://doi.org/10.1007/s00521-021-06569-4,IEEE Xplore,0.0,Review,Review,Survey de AI para UAV Path Planning,Búsqueda-Rescate,"Agricultura (monitoreo de cultivos), rescate y emergencias, vigilancia militar, monitoreo de inundaciones y usos recreativos (fotografía aérea y sustitución de fuegos artificiales).","Se enfoca en enjambres (swarms) o grupos de UAVs, analizando trabajos que van desde pocos drones hasta configuraciones masivas para tareas simultáneas.",3D-Dinámico,Sí-Ambos,Reducción del tiempo de operación y optimización de la velocidad de vuelo.,Reducción del consumo de batería y optimización del número de sensores necesarios.,Capacidad para volar sobre áreas extensas y maximizar el mapeo del terreno.,Relevante en algoritmos de computación evolutiva para alcanzar la solución óptima tras varias generaciones.,Se discute la reducción del costo computacional mediante el uso de IA frente a métodos tradicionales como la programación dinámica o algoritmos A*.,Solo Simulación,"Microsoft AirSim, DroneKit (Python), PyParrot",Sí-Ambos,El estudio analiza una muestra de 39 artículos científicos.,"Mayor tolerancia a fallos, reducción de costos operativos, capacidad de abstracción de datos y ejecución de tareas imposibles para un solo UAV.","Falta de estandarización en los resultados, dependencia de leyes de vuelo, necesidad de suavizar rutas y limitaciones físicas de la batería.","Algoritmos tradicionales de búsqueda (A*), programación dinámica y comparativa de tendencias entre RL y EC.",Clasificación detallada de enfoques de IA para enjambres de UAVs e identificación de tendencias de publicación y vacíos en la estandarización de resultados.,"Exploración de Redes Neuronales de Grafos (GNN), combinación de técnicas de RL y EC, y mejoras en la navegación con menos sensores.",Alta,Multiple,"@article{puentecastro2021, author = {Puente-Castro, A. and Rivero, D. and Pazos, A. and Fernandez-Blanco, E.}, title = {A review of artificial intelligence applied to path planning in UAV swarms}, journal = {Neural Computing and Applications}, year = {2022}, volume = {34}, pages = {153--170}, doi = {10.1007/s00521-021-06569-4} }","Unmanned aerial vehicle, UAV, Swarm intelligence, Path planning.",El artículo analiza el estado actual de los sistemas basados en IA para el control de enjambres de UAVs. El uso de enjambres permite acelerar tiempos de vuelo y reducir costos. La revisión clasifica los trabajos en cuatro grupos técnicos y realiza un estudio cuantitativo que muestra un aumento en las publicaciones y un cambio hacia el predominio de ciertas técnicas sobre otras.,"Fig. 1 (Neurona artificial), Fig. 2 (Publicaciones por año), Fig. 3 (Publicaciones por técnica), Fig. 7 (Entornos de vuelo).",Los enjambres de UAVs representan una revolución industrial y recreativa por su bajo costo y facilidad de operación.,La revisión se realizó en dos pasos: resumen de artículos encontrados y análisis cuantitativo basado en factores como la evolución temporal.,Los resultados muestran que el Aprendizaje por Refuerzo (RL) y la Computación Evolutiva (EC) son las técnicas más utilizadas.,"Existe una falta de estandarización en los métodos de evaluación, lo que dificulta comparar la eficiencia entre diferentes propuestas.",Analizado,2026-03-07,"El artículo destaca que el campo está en sus primeras etapas (""early stages"") pero con un crecimiento acelerado.",Los autores declaran no tener conflictos de interés.,Fichas_Analisis_NUEVO,,,,,,,,,,,,,
PAPER_011,Path Planning for Multiple Targets Interception by the Swarm of UAVs based on Swarm Intelligence Algorithms: A Review,"Abhishek Sharma, Shraga Shoval, Abhinav Sharma, Jitendra Kumar Pandey",2021.0,IETE Technical Review,Review,No mencionado explícitamente,10.1080/02564602.2021.1894250,https://doi.org/10.1080/02564602.2021.1894250,Otro,0.0,Review,Review,Survey de SI para Multi-Target Interception,Otro,Intercepción de múltiples objetivos móviles por enjambre de UAVs para proteger infraestructuras estratégicas,Enjambre de UAVs (grupo altamente escalable y redundante); simulaciones citadas mencionan desde grupos pequeños hasta 25 objetivos,3D-Dinámico,"Múltiples obstáculos dinámicos, terrenos montañosos, zonas de amenaza (radares)","Tiempo total de misión, tiempo de interceptación, tiempo de cómputo del algoritmo",Consumo de combustible (Fuel cost),Probabilidad de existencia del objetivo y búsqueda en áreas restringidas,Velocidad de convergencia y capacidad para evitar mínimos locales,Evaluada en función del número de robots (N) y objetivos (T); destaca que PSO tiene baja complejidad comparado con ACO o BFO,Revisión Teórica,"Menciona diversos entornos usados en literatura como MATLAB, modelos basados en grafos MAKLINK y Octomap",No,No aplica por ser artículo de revisión,"Enjambres ofrecen escalabilidad, flexibilidad y robustez ante fallos de unidades individuales","Riesgo de quedar atrapados en mínimos locales (PSO), complejidad en ajuste de parámetros (ACO, BA), lentitud de convergencia en problemas de alta dimensión (ABC, BFO)","Algoritmos clásicos como A*, Mapas de Carreteras Probabilísticos (PRM), Campos Potenciales Artificiales (APF)","Provee revisión exhaustiva centrada específicamente en intercepción de objetivos móviles, evaluando críticamente técnicas de modelado de entorno, asignación de tareas y funciones de costo",Explorar algoritmos híbridos que superen limitaciones de métodos actuales y mejoren optimización de trayectorias,Alta,Multiple,"Datos disponibles para construcción manual (Sharma et al., 2021)",ABC; ACO; BA; 3D path planning; PSO; SI; UAV,"Aborda desafío de interceptar múltiples amenazas móviles mediante enjambres de UAVs, enfocándose en asignación de tareas y planificación de rutas 3D utilizando algoritmos de Inteligencia de Enjambre (SI)","10 figuras representando proceso general de planificación (Fig 1), modelos de comportamiento de cada algoritmo (Fig 2-9), estadísticas de publicación (Fig 10)",Artículo se enfoca en intercepción de objetivos móviles como problema crítico para infraestructuras estratégicas,"Revisa técnicas de modelado 3D como MAKLINK, Octomap y funciones de fitness para intercepción",Compara complejidad computacional y rendimiento de algoritmos SI para problemas de alta dimensionalidad,Concluye que algoritmos híbridos podrían superar limitaciones actuales y ser enfoque futuro prometedor,Analizado,2026-03-07,Revisión sistemática que clasifica algoritmos por tipo y ofrece comparación crítica útil para seleccionar método adecuado,No se especifican conflictos de interés en información proporcionada,Fichas_Analisis_NUEVO,,,,,,,,,,,,,
PAPER_012,A Novel Sparrow Particle Swarm Algorithm (SPSA) for Unmanned Aerial Vehicle Path Planning,"Wangwang Yu, Jun Liu, Jie Zhou",2021.0,Scientific Programming (Volumen 2021),Journal,Fuentes no mencionan factor de impacto específico,https://doi.org/10.1155/2021/5158304,https://onlinelibrary.wiley.com/doi/10.1155/2021/5158304,Otro,0.0,PSO,PSO,SPSA (Sparrow Particle Swarm Algorithm),Otro,Navegación de Vehículos Aéreos No Tripulados (UAV) en entornos 3D complejos,Centrado en planificación de un solo UAV para alcanzar punto objetivo desde punto de inicio,3D-Dinámico,Edificios cuadrados (modelados como obstáculos cuadrados) y edificios cilíndricos (modelados como cilindros),Reducir tiempo de cálculo mediante simplificación del modelo ambiental y mejora de eficiencia de búsqueda,"Calculada como suma de energía de trayectoria, energía de giro y energía de ascenso/descenso (E=E_path + E_turning + E_climb)",No mencionada como métrica principal; enfoque en tasa de éxito de puntos objetivo alcanzados,Velocidad de convergencia y valor de aptitud (fitness value) tras 1000 iteraciones,"O(N×D×A×B+M×N×D), donde N es número de individuos, D la dimensión y M máximo de iteraciones",Simulación+Experimentos,Software MATLAB 2020b ejecutado en CPU Intel Xeon E5-2450H con 32G de RAM y GPU GTX 1050 Ti,No,30 ejecuciones por cada uno de los 6 algoritmos comparados en 3 entornos distintos,"Buena velocidad de convergencia, capacidad para evitar óptimos locales, reducción de oscilaciones en trayectoria, bajo consumo energético","Presencia de muchos obstáculos puede estancar búsqueda tradicional; SPSA aborda con estrategias de ""escape"", pero requiere optimización de oscilación adaptativa para no perder ruta óptima","CSO (Chicken Swarm Optimization), DE (Differential Evolution), GWO (Grey Wolf Optimizer), PSO y SSA tradicional","Introducción de método de inicialización de ruta basado en geometría, actualización de posición de productores influenciada por línea inicio-fin, búsqueda de escape de velocidad variable y suavizado mediante interpolación de splines cúbicos","No hay sección específica, se concluye que algoritmo es apto para entornos de vuelo reales por su suavidad y eficiencia",Alta,Multiple,"No proporcionada explícitamente; datos permiten construir (Autores: Yu et al., 2021, Scientific Programming)","UAV, path planning, sparrow search algorithm, particle swarm algorithm","Propone SPSA para mejorar planificación de rutas de UAVs, enfrentando problemas de convergencia prematura. Algoritmo mejora inicialización, búsqueda cerca de línea de meta y utiliza escapes adaptativos en zonas de estancamiento, optimizando trayectoria con splines cúbicos para mayor suavidad","Figura 1 (Modelado ambiental), Figura 2 (Esquema de selección de ruta), Figura 5 (Flujograma del SPSA), Figuras 7-9 (Comparación de trayectorias)","UAVs se ven afectados por edificios, clima y consumo de energía en entornos 3D complejos",Se propone inicialización de ruta que evita diferencias excesivas entre nodos adyacentes para mejorar convergencia,"SPSA presenta desviación estándar significativamente menor (0.89 a 5.84) comparado con otros algoritmos, indicando alta robustez",Algoritmo híbrido SPSA tiene mejor capacidad de búsqueda en entornos complejos y trayectorias más suaves aptas para vuelo real,Analizado,2026-03-07,"Algoritmo destaca por enfoque biónico híbrido, tomando exploración del SSA e influencia global del PSO",Autores declaran no tener conflictos de interés,Fichas_Analisis_NUEVO,,,,,,,,,,,,,
PAPER_013,Chaos Particle Swarm Optimization Enhancement Algorithm for UAV Safe Path Planning,"Hongyue Chu, Junkai Yi, Fei Yang",2022.0,Applied Sciences (MDPI),Journal,Fuentes no mencionan explícitamente factor de impacto actual,10.3390/app12188977,https://doi.org/10.3390/app12188977,Otro,0.0,PSO,Teoría del Caos (mapas logísticos) y Pesos de Inercia Dinámicos No Lineales (INDIW),Algoritmo IC-VAINDIWPSO (Improved Chaotic-VAINDIWPSO),Otro,Navegación autónoma en entornos tridimensionales (3D) con múltiples amenazas y restricciones de terreno,Pruebas centradas en trayectoria de un UAV individual entre punto de inicio y objetivo,3D-Dinámico,"Amenazas representadas como cilindros, divididas en zonas de colisión y zonas de peligro",Evalúa tiempo de inicialización (reducido 86.35% frente a PSO) y tiempo de ejecución por iteración,"No medida directamente, optimizada mediante longitud total de trayectoria (Costo F1)","No aplica, es tarea de navegación punto a punto",Velocidad de convergencia medida en iteraciones; IC-VAINDIWPSO converge aproximadamente en 20 a 25 iteraciones,No definida en términos de O-notación; validada mediante eficiencia en tiempo real y reducción de iteraciones necesarias para óptimo,Simulación+Experimentos,"Servidor con CPU de 2.1 GHz, 16.00 GB de RAM, sistema operativo de 64 bits",No,Poblaciones iniciales de 500 a 1000 partículas y mapa de elevación digital de Isla de Navidad,"Rápida velocidad de convergencia, trayectorias más suaves, menor tiempo de inicialización, alta capacidad para escapar de óptimos locales",Experimento realizado solo en entornos estáticos sin considerar obstáculos dinámicos ni efectos meteorológicos complejos,"PSO estándar, VAINDIWPSO, QPSO (Quantum-behaved PSO), Algoritmos Genéticos (GA), ABC (Artificial Bee Colony)","Integración de ajuste adaptativo de velocidad, inicialización caótica y mapas logísticos mejorados con pesos de inercia no lineales para optimizar rutas 3D",Investigar planificación en entornos con obstáculos dinámicos y considerar más restricciones físicas del UAV,Alta,Multiple,"No incluido; metadatos disponibles (Chu, Yi, Yang, 2022, Applied Sciences, vol. 12, issue 18)","UAV, path planning, improve particle swarm optimization, improved nonlinear dynamic inertia weights, chaos theory, adaptive adjustment of velocity","Propone algoritmo IC-VAINDIWPSO para planificación de rutas 3D en UAVs. Introduce pesos de inercia dinámicos no lineales y perturbación de velocidad para mejorar convergencia. Suma inicialización caótica y mapas logísticos, logra soluciones casi óptimas, reduciendo tiempo de inicialización y produciendo rutas más suaves en entornos con múltiples amenazas","Figura 1 (Modelo de amenaza), Figura 2 (Ángulos de giro y trepada), Figura 3 (Entorno 3D), Figura 7 (Gráfica de convergencia), Figuras 10 y 12 (Resultados del IC-VAINDIWPSO)",La planificación de rutas seguras para UAV es de gran magnitud para la tasa de finalización y eficiencia de las tareas,Se introdujeron pesos de inercia dinámicos no lineales mejorados (INDIW) en el algoritmo PSO,El algoritmo IC-VAINDIWPSO mejora sustancialmente la velocidad de convergencia y reduce el valor de la función de aptitud,El algoritmo IC-VAINDIWPSO puede alcanzar soluciones casi óptimas en la mayoría de los escenarios,Analizado,2026-01-11 00:00:00,"Uso de teoría del caos permite que partículas exploren espacio de solución de manera más uniforme, evitando estancamiento común del PSO tradicional",Autores declaran no tener conflictos de interés,Fichas_Analisis_NUEVO,,,,,,,,,,,,,
PAPER_014,Coverage Path Planning Methods Focusing on Energy Efficient and Cooperative Strategies for Unmanned Aerial Vehicles,"Georgios Fevgas, Thomas Lagkas, Vasileios Argyriou, Panagiotis Sarigiannidis",2022.0,Sensors (MDPI),Review,No especificado,10.3390/s22031235,https://doi.org/10.3390/s22031235,IEEE Xplore,0.0,Otro,Coverage,Energy-Efficient Coverage Methods,Búsqueda-Rescate,"Agricultura de precisión, búsqueda y rescate, extinción de incendios, inspección de líneas eléctricas, gestión de desastres, vigilancia",UAV único y múltiples UAVs (flotas homogéneas y heterogéneas),3D-Dinámico,"Obstáculos fijos, cóncavos, convexos, zonas de exclusión aérea (no-flight zones), edificios","Minimización del tiempo de ejecución, latencia de comunicación, tiempo de finalización de misión","Consumo de batería, explotación de energía del viento, reducción de giros, optimización de velocidad",Maximización del área cubierta y minimización del solapamiento (overlapping),No especificado (mencionado en contexto de optimización con algoritmos genéticos),Algoritmos offline requieren menos potencia de CPU que los online,Simulación+Experimentos,No especificado (menciona simulaciones generales en trabajos citados),No,"170 artículos filtrados inicialmente, 128 clasificados por relevancia","Reducción de complejidad en áreas irregulares, división de carga en multi-UAV, ganancia energética mediante viento","Afectación aerodinámica por viento, dificultades de comunicación en flotas, restricciones de batería","Cabreira et al., Galceran y Carreras, Almandhoun et al., Chen et al.","Revisión integral que une métodos de descomposición, estrategias multi-robot y comparativas de ahorro energético bajo restricciones ambientales","Estimación de viento estocástico online, integración de Machine Learning/Deep Learning y sensores IoT",Alta,Multiple,No especificado,coverage path planning; unmanned aerial vehicle; cell decomposition; decomposition methods; energy-aware approaches; energy optimal path; multi-robot systems; multi-UAV,"Revisa métodos de CPP para minimizar solapamiento y tiempo, enfocándose en estrategias cooperativas multi-UAV y algoritmos de eficiencia energética para futuras investigaciones","Boustrophedon (1), Square (2), Trapezoidal (3), Boustrophedon decomp. (4), Morse (5), Slice (6), Grid-based (7), Wavefront (8), Spanning Tree (9), Neural Network (10)",Analiza desarrollo tecnológico de UAVs y aplicaciones críticas en tiempo y espacio,Detalla revisión sistemática en bases digitales usando palabras clave específicas,Discute efectividad de descomposición celular e impacto de factores ambientales como el viento,Enfatiza necesidad de combinar IA e IoT para maximizar ahorro energético en misiones dinámicas,Analizado,2026-03-07,"La planificación de trayectorias de cobertura (CPP) para UAVs tiene como objetivo principal cubrir un área de interés completa minimizando el solapamiento y el tiempo de misión. Estos métodos se dividen en offline, que utilizan conocimiento previo del entorno para ahorrar recursos de procesamiento, y online, que dependen de sensores a bordo para adaptarse a entornos desconocidos en tiempo real. La investigación destaca que la eficiencia energética es un factor crítico, lográndose mediante la reducción del número de giros y la explotación de la dirección del viento, donde volar de forma perpendicular a este optimiza el consumo de batería. ",Autores declaran que no existen conflictos de interés,Fichas_Analisis_NUEVO,,,,,,,,,,,,,
PAPER_015,Optimization Methods Applied to Motion Planning of Unmanned Aerial Vehicles: A Review,"Amber Israr, Zain Anwar Ali, Eman H. Alkhammash, Jari Juhani Jussila",2022.0,Drones (MDPI),Review,No mencionado (información externa: ~5.532 en 2022),10.3390/drones6050126,https://doi.org/10.3390/drones6050126,Otro,0.0,Review,Review,Survey de Optimization para Motion Planning,Búsqueda-Rescate,"Evitación de colisiones, control de formación, vigilancia militar, búsqueda y rescate, entrega de paquetes civiles",Analiza UAVs individuales y múltiples (enjambres/cooperativos),3D-Dinámico,"Obstáculos estáticos, dinámicos, densos tipo U, amenazas (radares, misiles)","Reducción de tiempo de ejecución, tiempo de búsqueda, tiempo de convergencia","Reducción de consumo de energía, eficiencia energética",Eficiencia en escaneo de estructuras complejas y operaciones marítimas,Mejora en tasa de convergencia y minimización de error de convergencia,Discutida como limitación en varios algoritmos por tamaño de población o inversión de matrices,Revisión Teórica,"Uso de simuladores de código abierto, entornos 3D continuos, simulación hardware-in-the-loop (HIL)",No,Técnicas como aprendizaje reforzado requieren grandes conjuntos de datos para entrenamiento offline; no especifica dataset propio por ser review,"Robustez, flexibilidad, adaptabilidad a entornos desconocidos, reducción de costos operativos","Convergencia prematura, estancamiento en óptimos locales, alta complejidad computacional, dependencia de conexión con estaciones terrestres","Compara PSO, GA, ACO, DE y algoritmos híbridos","Evaluación de desafíos enfrentados por UAVs, resumen de técnicas prometedoras, recopilación de limitaciones de literatura reciente",Modelar enfoques de optimización inteligentes con mayor precisión y algoritmos más factibles para estrategias de planificación en 3D,Alta,Multiple,"@article{israr2022optimization, title={Optimization Methods Applied to Motion Planning of Unmanned Aerial Vehicles: A Review}, author={Israr, Amber and Ali, Zain Anwar and Alkhammash, Eman H and Jussila, Jari Juhani}, journal={Drones}, volume={6}, number={5}, pages={126}, year={2022}, publisher={MDPI}}",Unmanned aerial vehicle; motion planning; optimization techniques,"Destaca importancia de UAVs en sectores militares y civiles, subrayando que planificación de movimiento con protocolos de evitación de colisiones es vital para robustez y convergencia del sistema. Analiza diversos artículos académicos centrados en algoritmos bio-inspirados para ayudar a investigadores a comprender estado del arte y limitaciones actuales","Figura 1 (Desafíos en UAVs), Figura 2 (Ejemplo de optimización combinatoria), Figura 3 (Planificación basada en muestreo), Figura 4 (Clasificación de algoritmos de optimización)",Los UAVs son robots voladores altamente atractivos y aplicables para fines militares y civiles,Este review se basa en estudios de investigación y publicaciones de autores reputados en el campo de técnicas de planificación de movimiento... en los últimos tres años,"Al analizar manuscrito, se puede concluir que mejores enfoques de optimización son los basados en enjambres por su capacidad excepcional para resolver problemas complejos",Capacidad autónoma de estas máquinas también está avanzando y actualizándose para proporcionar vuelo eficiente y formación estable en entornos dinámicos,Analizado,2026-03-07,"Documento es guía taxonómica excelente para clasificar algoritmos en biológicos, físicos y geográficos",Se menciona que GA tiene caminos más suaves que Bi-RRT pero puede tener convergencia prematura,Fichas_Analisis_NUEVO,,,,,,,,,,,,,
PAPER_016,A Novel UAV Path Planning Algorithm Based on Double-Dynamic Biogeography-Based Learning Particle Swarm Optimization,"Yisheng Ji, Xinchao Zhao, Junling Hao",2022.0,Mobile Information Systems (Hindawi),Journal,"No mencionado (información externa: factor varía anualmente, consultar JCR)",10.1155/2022/8519708,https://doi.org/10.1155/2022/8519708,Otro,0.0,PSO,Basado en PSO (Particle Swarm Optimization) y BBO (Biogeography-Based Optimization); inspirado en CLPSO y BLPSO,Estrategia de aprendizaje doble-dinámico que reemplaza mecanismo tradicional de aprendizaje de mejores partículas personales y globales; cada partícula aprende de la mejor entre dos partículas seleccionadas no peores que ella misma,Otro,Navegación en entornos complejos con evitación de colisiones y optimización de trayectorias en terrenos realistas,Centrado en comportamiento de un solo UAV a través de diversos puntos de trayectoria (m puntos),3D-Dinámico,"Terrenos montañosos, edificios (altos, bajos, gigantes), suelo, zonas de peligro (áreas detectadas por radares)",Evaluado mediante eficiencia y velocidad de convergencia del algoritmo en comparación con otros métodos,"No medida directamente en julios; optimizada mediante minimización de longitud total de ruta (f_length), reduciendo consumo de combustible/energía",No es enfoque principal; objetivo es encontrar ruta óptima entre punto inicial y final,"Alta tasa de convergencia y precisión, especialmente en problemas de gran escala",Transformación de optimización multiobjetivo restringida a objetivo único no restringida para simplificar problema y mejorar eficiencia,Solo Simulación,Realizado en MATLAB 2017b,No,Conjunto de funciones de referencia CEC2015 y modelos de terreno generados matemáticamente,"Capacidad para escapar de óptimos locales, mayor tasa de convergencia, superioridad en problemas de gran escala frente a algoritmos relevantes","Rendimiento menos destacado en ciertas funciones multimodales y de composición comparado con competidores; desviación estándar (Std) relativamente grande en algunos casos de planificación de rutas, sugiriendo margen de mejora","PSO, BBO, CLPSO, BLSPSO, PBSPSO, DEBBO","Diseño de estrategia de aprendizaje doble-dinámica basada en biogeografía; propuesta de seis funciones de terreno (ciudad, aldeas, áreas montañosas con/sin casas) para simulaciones de UAV","Aplicación en exploración petrolera, aprendizaje profundo, extensión a problemas de optimización multiobjetivo o con restricciones más complejas",Alta,Multiple,"@article{ji2022novel, title={A Novel UAV Path Planning Algorithm Based on Double-Dynamic Biogeography-Based Learning Particle Swarm Optimization}, author={Ji, Yisheng and Zhao, Xinchao and Hao, Junling}, journal={Mobile Information Systems}, volume={2022}, year={2022}, publisher={Hindawi}}","UAV path planning, Particle swarm optimization, Biogeography-based learning, Double-dynamic strategy","Propone algoritmo DDBLPSO para mejorar convergencia y precisión en planificación de rutas de UAV. Utiliza estrategia donde partículas aprenden de sujetos no peores que ellas mismas, validando éxito en seis tipos de terrenos realistas y funciones benchmark","Figura 1 (Relación entre probabilidades de aprendizaje y selección), Figuras 2 y 3 (Curvas de convergencia de funciones benchmark), Figuras 4 y 5 (Curvas de convergencia en funciones de terreno)",UAV path planning is designed in a space which represents environment experienced by UAV during its flight,"DDBLPSO adopts double-dynamic biogeography-based learning strategy. Under this strategy, particle only learns from itself or other even better individuals",DDBLPSO shows its dominance over other competitors on unimodal functions and hybrid functions... this means that DDBLPSO has much greater convergence rate,Computational experiments and simulations demonstrate the performance advantages of the algorithm both in global optimization and UAV path planning,Analizado,2026-01-11 00:00:00,"Enfoque en seis terrenos distintos (ciudad, aldea, montaña) aporta valor práctico superior a estudios que solo usan terrenos montañosos genéricos",Documento declara que no existen conflictos de interés,Fichas_Analisis_NUEVO,,,,,,,,,,,,,
PAPER_017,UAV Path Planning Using Optimization Approaches: A Survey,Amylia Ait Saadi; Assia Soukane; Yassine Meraihi; Asma Benmessaoud Gabis; Seyedali Mirjalili; Amar Ramdane-Cherif,2022.0,Archives of Computational Methods in Engineering,Review,No especificado en documento,https://doi.org/10.1007/s11831-022-09742-7,https://link.springer.com/article/10.1007/s11831-022-09742-7,IEEE Xplore,0.0,Review,Review,Survey de Optimization Approaches,Búsqueda-Rescate,"Seguridad y vigilancia, agricultura de precisión, meteorología, arqueología y rescate en desastres.",Aborda tanto casos de un solo UAV como de UAVs múltiples (Multi-UAVs) y sistemas cooperativos.,3D-Dinámico,"Edificios, vehículos en movimiento, montañas, árboles, radares y amenazas de misiles.",Eficiencia temporal (planning time) para generar la ruta completa.,"Consumo de energía (batería, combustible, celdas solares).",Evaluada en misiones de búsqueda y rescate o recolección de datos.,Velocidad de convergencia de los algoritmos para encontrar la solución óptima.,Define el problema como NP-hard. Evalúa la complejidad temporal y de recursos de cada categoría (ej. APF tiene baja complejidad temporal).,Revisión Teórica,"Menciona el uso de mapas de cuadrícula, entornos 3D complejos y simuladores para validar requerimientos.",No,"Para aprendizaje supervisado, señala que se requieren grandes conjuntos de datos del entorno para proporcionar soluciones óptimas.",Los métodos clásicos son fáciles de implementar; las meta-heurísticas manejan bien múltiples objetivos; el aprendizaje automático es apto para cambios repentinos.,Los métodos clásicos pueden fallar en entornos dinámicos; las meta-heurísticas no siempre garantizan la solución óptima; el aprendizaje automático tiene un alto costo computacional.,"Se compara con otros surveys previos (ej. Goerzen et al., Yang et al., Zhao et al.) analizando sus contribuciones y alcances.",Proporciona una clasificación exhaustiva en cinco familias de algoritmos y propone direcciones futuras basadas en un análisis crítico de más de 150 trabajos.,"Incorporar Calidad de Servicio (QoS), selección de rutas múltiples, hibridación avanzada, implementación en paralelo y manejo de incertidumbre.",Alta,Multiple,"@article{aitsaadi2022, title={UAV Path Planning Using Optimization Approaches: A Survey}, author={Ait Saadi, Amylia and others}, journal={Archives of Computational Methods in Engineering}, volume={29}, pages={4233–4284}, year={2022}, publisher={Springer}}.","UAV path planning, Optimization approaches, Classical methods, Heuristics, Meta-heuristics, Machine learning, Hybrid algorithms.","Presenta una visión general de los enfoques de planificación de rutas para UAVs autónomos, clasificándolos en cinco categorías y analizando sus objetivos, restricciones y entornos para sugerir futuras líneas de investigación.","Fig. 5 (Clasificación de enfoques), Fig. 6 (Enfoques clásicos), Fig. 18 (Distribución de enfoques).",La planificación de rutas de los UAV es uno de los problemas más importantes en la navegación y el control de los mismos,"En el proceso de revisión de la literatura sobre la planificación de rutas de UAV utilizando enfoques de optimización, adoptamos la metodología de revisión sistemática de la literatura","El algoritmo APF es el enfoque más aplicado gracias a su fácil implementación, rápida convergencia y baja complejidad temporal",La planificación de rutas de UAV es un problema de investigación importante en el campo de la robótica aérea y la automatización que ha atraído un interés creciente de varios académicos e investigadores,Analizado,2026-03-07,"El estudio revela una clara preferencia por las meta-heurísticas (34.3%) y los métodos clásicos (25.3%). Existe una tendencia creciente hacia la hibridación (14.5%) para combinar las ventajas de diferentes algoritmos, como la velocidad de los métodos clásicos con la inteligencia de las meta-heurísticas.","Las fuentes no mencionan el Factor de Impacto de la revista ni detallan el tamaño exacto de los conjuntos de datos (datasets) necesarios para los enfoques de aprendizaje automático, limitándose a señalar que requieren ""grandes conjuntos de datos"". Tampoco se especifica el costo de hardware de las plataformas de prueba mencionadas como el Parrot ARDrone.",Fichas_Analisis_NUEVO,,,,,,,,,,,,,
PAPER_018,Design an Optimal ANFIS Controller using Bee Colony Optimization for Trajectory Tracking of a Quadrotor UAV,Boumediene Selma; Samira Chouraqui; Belkacem Selma; Hassane Abouaïssa,2022.0,"Journal of The Institution of Engineers (India): Series B, 103(5):1505-1519",Journal,No especificado,https://doi.org/10.1007/s40031-022-00747-1,https://doi.org/10.1007/s40031-022-00747-1,SpringerLink,0.0,ABC,ANFIS (Adaptive Neuro-Fuzzy Inference System),ANFIS-BCO híbrido,Otro,"Tracking de trayectoria en plano 2D vertical (3 grados de libertad: y, z, φ)",1 UAV,3D-Dinámico,Matlab/Simulink (sin obstáculos explícitos),No reportada explícitamente,No reportada explícitamente,"No aplicable (el enfoque es seguimiento de trayectoria, no cobertura de área).",El algoritmo BCO facilita la convergencia hacia los parámetros óptimos del ANFIS y los errores de trayectoria convergen a cero.,"Se describe una arquitectura de cinco capas para el ANFIS y un proceso de selección basado en probabilidad (ruleta) para el BCO, aunque no se cuantifica la complejidad temporal.",Solo Simulación,MATLAB/Simulink,No,"Se utilizan trayectorias de referencia definidas por funciones senoidales: yd(t)=2sin(t), zd(t)=5sin(t)",Reducción drástica de error (MSE<10⁻²⁹); convergencia rápida; supera significativamente PID y ANFIS estándar,Sistema limitado a 3DOF en plano 2D; sin validación en hardware real; modelo linealizado cerca del punto de hover,Controladores PID convencionales y controladores ANFIS sin optimización heurística.,Método híbrido ANFIS-BCO para optimización automática de funciones de membresía en controladores neuro-difusos para sistemas no lineales,"No se especifica explícitamente en las fuentes proporcionadas, más allá de la eficiencia demostrada del algoritmo.",Alta,Multiple,"@article{Selma2022, author = {Selma, Boumediene and Chouraqui, Samira and Selma, Belkacem and Aboua{\""i}ssa, Hassane}, title = {Design an Optimal ANFIS Controller using Bee Colony Optimization for Trajectory Tracking of a Quadrotor UAV}, journal = {Journal of The Institution of Engineers (India): Series B}, year = {2022}, volume = {103}, number = {5}, pages = {1505--1519}, doi = {10.1007/s40031-022-00747-1}}",Unmanned aerial vehicle; Optimal control; Adaptive neuro-fuzzy inference system; Bee colony algorithm,Propone controlador híbrido ANFIS-BCO para tracking de trayectoria de quadrotor UAV 3DOF. BCO optimiza dinámicamente funciones de membresía del ANFIS reduciendo errores. Resultados: ANFIS-BCO supera significativamente PID (MSE=4.65×10⁻²) y ANFIS estándar (MSE=1.72×10⁻⁹) alcanzando MSE<10⁻²⁹.,Fig. 1 (configuración quadrotor); Fig. 2 (arquitectura ANFIS); Fig. 3-26 (resultados simulación y errores de tracking),El desarrollo de los UAV se ha convertido en una de las áreas de investigación más importantes en el campo del control aeronáutico autónomo.,El diseño del controlador busca los valores óptimos de los parámetros en el espacio de búsqueda que minimicen la función objetivo mediante BCO.,"Los resultados demuestran que el controlador ANFIS-BCO logra un error cuadrático medio (MSE) extremadamente bajo, inferior a 10⁻²⁹  en algunas métricas.",Se concluye que el algoritmo BCO es una técnica eficaz para la optimización y estabilización de controladores neuro-difusos.,Analizado,2026-01-29 00:00:00,"Artículo metodológicamente sólido con resultados impresionantes en reducción de error; limitado a simulación 2D sin validación física; parámetros quadrotor: m=0.2kg, Ixx=0.1kg·m², g=9.81m/s²",No se mencionan pruebas en escenarios 3D completos ni la inclusión de perturbaciones externas como viento en las fuentes.,Fichas_Analisis_NUEVO,,,,,,,,,,,,,
PAPER_019,Convergence Analysis of Path Planning of Multi-UAVs Using Max-Min Ant Colony Optimization Approach.,"Muhammad Shafiq, Zain Anwar Ali, Amber Israr, Eman H. Alkhammash, Myriam Hadjouni y Jari Juhani Jussila.",2022.0,Sensors (MDPI),Journal,No especificado,https://doi.org/10.3390/s22145395,https://www.mdpi.com/1424-8220/22/14/5395,Otro,0.0,ACO,Evolución Diferencial (DE) y Mutación de Cauchy (CM),MMACO-DE / MMACO-CM,Mapeo,Rutas colectivas en entornos dinámicos con evasión de colisiones,Múltiples UAVs (2 en simulaciones),3D-Dinámico,"Montañas irregulares, tornados, obstáculos artificiales, amenazas naturales",Tiempo de convergencia y reducción duración detección,Indirecta: distancia recorrida y número de giros,No es métrica principal (mencionada en trabajos relacionados),Velocidad de convergencia para evitar óptimos locales,"Reducción mediante subcolonias (solo ""hormiga más apta"" actualiza feromonas)",Solo Simulación,"MATLAB 2021a (Intel i7-1165G7, 16GB RAM, Windows 11)",No,"No se utiliza un dataset externo; la validación se basa en parámetros geométricos y de entorno generados en MATLAB, incluyendo coordenadas de objetivos, picos de montañas y radios de fuerzas de viento.","El enfoque MMACO-DE destaca por generar rutas más cortas y con menos giros en comparación con MMACO-CM. Además, ofrece una mayor velocidad de convergencia y estabilidad en la planificación de trayectorias dentro de entornos complejos.",Se identifica que las tecnologías actuales de inteligencia artificial aún no son plenamente capaces de ofrecer soluciones en tiempo real durante el modo operativo del dron sin depender de cálculos previos extensos o simplificaciones.,El estudio realiza una comparativa directa del rendimiento entre dos variantes híbridas: MMACO-DE frente a MMACO-CM.,La investigación aporta un análisis de convergencia comparativo de dos algoritmos híbridos bio-inspirados diseñados específicamente para resolver la planificación de rutas en entornos 3D dinámicos con presencia de obstáculos artificiales y naturales.,Se planea llevar los algoritmos del entorno de simulación a la implementación en hardware físico para validar la eficiencia de las trayectorias en condiciones reales de vuelo.,Alta,Multiple,"Las fuentes no proporcionan el formato BibTeX explícito, pero incluyen todos los metadatos necesarios (autores, título, revista, DOI) para generarlo externamente.","Path planning, Max-Min Ant Colony Optimization, differential evolution, Cauchy mutation.",El artículo investiga modelos híbridos de optimización para la planificación de rutas colectivas de UAVs ante obstáculos inesperados. Los resultados de la simulación demuestran que el método MMACO-DE supera al MMACO-CM en longitud de ruta y tiempo de convergencia.,"El paper incluye la Figura 1 (nodos y ángulos de giro), la Figura 2 (comportamiento de búsqueda de las hormigas), las Figuras 3 a 6 (vistas 2D y 3D de las rutas en dos casos de estudio) y la Figura 7 (costos de estimación).","""Unmanned Aerial Vehicles (UAVs) seem to be the most efficient way of achieving the intended aerial tasks"". Las fuentes también destacan que las aplicaciones de estos vehículos se expanden día a día debido a su impacto en todos los campos, pasando de tareas simples con altos costos a tareas complejas realizadas por múltiples UAVs.","""The search space is constrained with this strategy by specifying a range, which reduces the search time and allows it to converge quickly"". Se menciona además que la hibridación ayuda a optimizar los logros previos y a reducir los errores del sistema.","""the path constructed by the MMACO-DE is shorter than MMACO-CM and has fewer turns"". El análisis de los casos de estudio confirma que el UAV que utiliza MMACO-DE llega a su destino antes, lo que verifica una mejor tasa de convergencia.","""MMACO-DE algorithm was better than MMACO-CM in achieving a shorter path with less path cost"". El estudio concluye que los algoritmos bio-inspirados son formas famosas y efectivas de resolver problemas de planificación de rutas con enfoques simples.",Analizado,2026-01-30 00:00:00,"La innovación clave del algoritmo MMACO-DE es su estructura de sub-colonias jerárquicas, donde solo la ""hormiga más apta"" de cada grupo actualiza la feromona, lo que ahorra tiempo de computación y acelera la detección del objetivo. Este enfoque híbrido es vital porque las tecnologías actuales aún no pueden proporcionar soluciones completas en tiempo real en modo operativo sin cálculos previos.","Se plantea que el operador de Mutación de Cauchy (CM) ayuda a evitar caer en óptimos locales mediante variaciones, pero en las simulaciones presentadas, el operador de Evolución Diferencial (DE) fue consistentemente superior en términos de distancia total y fluidez de la ruta. Queda pendiente verificar si estos resultados se mantienen en entornos físicos reales, ya que el estudio se limita a simulaciones en MATLAB.",Fichas_Analisis_NUEVO,,,,,,,,,,,,,
PAPER_020,An Intelligently Enhanced Ant Colony Optimization Algorithm for Global Path Planning of Mobile Robots in Engineering Applications,"Peng Li, Lei Wei, Dongsu Wu",2025.0,Sensors (MDPI),,,10.3390/s25051326,https://doi.org/10.3390/s25051326,,,ACO,,,Otro,,,,,,,,,,Simulación+Experimentos,,,,,,,,,Alta,,,,,,,,,,Abstract leído,2026-01-30,,,Fichas_Analisis_NUEVO,,,,,,,,,,,,,
PAPER_021,Distributed 3-D Path Planning for Multi-UAVs with Full Area Surveillance Based on Particle Swarm Optimization,"Nafis Ahmed, Chaitali J. Pawase and KyungHi Chang",2021.0,pdfTeX-1.40.21,Journal,No especificado,,https://doi.org/nan,Otro,0.0,PSO,,No especificada,Otro,Path planning para UAV/robots,No especificado,No especificado,No especificado,No especificada,No especificada,No especificada,No especificada,No especificada,No especificada,No especificado,No especificado,No aplica,Por revisar,Por revisar,No especificado,Por revisar,Por revisar,Media,Multiple,"@article{paper_021, title={Distributed 3-D Path Planning for Multi-UAVs with }, year={2021}}",3D trajectory planning; unmanned aerial vehicle; distributed path planning; PSO; area surveillance; dynamic fitness function,"Abstract: Collision-free distributed path planning for the swarm of unmanned aerial vehicles (UAVs)
in a stochastic and dynamic environment is an emerging and challenging subject for research in
the ﬁeld of a communication system. Monitoring the methods and approaches for multi-UAVs
with full area surveillance is needed in both military and civilian applications, in order to protect
human beings and infrastructure, as well as their social security. To perform the path planning
for multiple unman",No extraídas,Por extraer,Por extraer,Por extraer,"Conclusions
In this paper, we proposed a distributed 3-D path planning for multiple UAVs, based
on Particle Swarm Optimization with Bresenham Algorithm, to make an optimal trajectory
for multiple UAVs",Abstract extraído,2026-03-07,Metadatos auto-extraídos desde Algoritmos_PSO,Por revisar,Fichas_Analisis_NUEVO,,,,,,,,,,,,,
PAPER_022,A Task Allocation Strategy of the UAV Swarm Based on Multi-Discrete Wolf Pack Algorithm,"Shufang Xu, Linlin Li, Ziyun Zhou, Yingchi Mao and Jianxin Huang",2022.0,pdfTeX-1.40.21,Journal,No especificado,,https://doi.org/nan,Otro,0.0,WPA,WPA,Multi-Discrete Wolf Pack Algorithm,Otro,Path planning para UAV/robots,No especificado,No especificado,No especificado,No especificada,No especificada,No especificada,No especificada,No especificada,No especificada,No especificado,No especificado,No aplica,Por revisar,Por revisar,No especificado,Por revisar,Por revisar,Media,Multiple,"@article{paper_022, title={A Task Allocation Strategy of the UAV Swarm Based }, year={2022}}",wolf pack algorithm; task allocation; UAV swarm; discrete,"Abstract: With the continuous development of artiﬁcial intelligence, swarm control and other tech-
nologies, the application of Unmanned Aerial Vehicles (UAVs) in the battleﬁeld is more and more
extensive, and the UAV swarm is increasingly playing a prominent role in the future of warfare.
How tasks are assigned in the dynamic and complex battleﬁeld environment is very important. This
paper proposes a task assignment model and its objective function based on dynamic information
convergence. In o",No extraídas,Por extraer,Por extraer,Por extraer,"Conclusions
This paper mainly studies the swarm intelligence algorithm based on the behavior
mechanism of wolves and its application in the task assignment problem of UAV swarms.
Firstly, a UAV task a",Abstract extraído,2026-03-07,Metadatos auto-extraídos desde Algoritmos_Otros,Por revisar,Fichas_Analisis_NUEVO,,,,,,,,,,,,,
PAPER_023,Research on Path Planning Method for Mobile Platforms Based on Hybrid Swarm Intelligence Algorithms in Multi-Dimensional Environments,"Shuai Wang, Yifan Zhu, Yuhong Du and Ming Yang",2025.0,pdfTeX-1.40.25; modified using OpenPDF 1.4.2,Journal,No especificado,,https://doi.org/nan,Otro,0.0,Híbrido,Hybrid,Hybrid Swarm Intelligence (por verificar),Otro,Path planning para UAV/robots,No especificado,No especificado,No especificado,No especificada,No especificada,No especificada,No especificada,No especificada,No especificada,No especificado,No especificado,No aplica,Por revisar,Por revisar,No especificado,Por revisar,Por revisar,Media,Multiple,"@article{paper_023, title={Research on Path Planning Method for Mobile Platfo}, year={2025}}",optimized search algorithm; adaptive balance; search performance evaluation; path planning applications,"[Fallback] Academic Editor: Yongquan Zhou
Received: 4 July 2025
Revised: 25 July 2025
Accepted: 30 July 2025
Published: 1 August 2025
Citation: Wang, S.; Zhu, Y.; Du, Y.;
Yang, M. Research on Path Planning
Method for Mobile Platforms Based on
Hybrid Swarm Intelligence
Algorithms in Multi-Dimensional
Environmen",No extraídas,Por extraer,Por extraer,Por extraer,"Conclusions
The IABCBAS algorithm is proposed to address the convergence and optimal search
performance issues in swarm intelligence algorithms. Its search capability and stability
are verified throug",Abstract extraído (fallback),2026-03-07,Metadatos auto-extraídos desde Algoritmos_Otros,Por revisar,Fichas_Analisis_NUEVO,,,,,,,,,,,,,
PAPER_024,Three-Dimensional Path Planning of UAV Based on Improved Particle Swarm Optimization,"Lixia Deng, Huanyu Chen, Xiaoyiqun Zhang and Haiying Liu",2023.0,pdfTeX-1.40.21,Journal,No especificado,,https://doi.org/nan,Otro,0.0,PSO,,No especificada,Otro,Path planning para UAV/robots,No especificado,No especificado,No especificado,No especificada,No especificada,No especificada,No especificada,No especificada,No especificada,No especificado,No especificado,No aplica,Por revisar,Por revisar,No especificado,Por revisar,Por revisar,Media,Multiple,"@article{paper_024, title={Three-Dimensional Path Planning of UAV Based on Im}, year={2023}}",particle swarm algorithm; UAV; 3D path planning; SHADE algorithm,"Abstract: The traditional particle swarm optimization algorithm is fast and efﬁcient, but it is easy to
fall into a local optimum. An improved PSO algorithm is proposed and applied in 3D path planning
of UAV to solve the problem. Improvement methods are described as follows: combining PSO
algorithm with genetic algorithm (GA), setting dynamic inertia weight, adding sigmoid function to
improve the crossover and mutation probability of genetic algorithm, and changing the selection
method. The simu",No extraídas,Por extraer,Por extraer,Por extraer,"Conclusions
Aiming at the shortcomings of the traditional PSO algorithm, with which it is easy
to fall into local optimum, this paper proposes an improved PSO algorithm and applies it
to 3D path plann",Abstract extraído,2026-03-07,Metadatos auto-extraídos desde Algoritmos_PSO,Por revisar,Fichas_Analisis_NUEVO,,,,,,,,,,,,,
PAPER_025,Multi-Unmanned Aerial Vehicle Path Planning Based on Improved Nutcracker Optimization Algorithm,"Chang Xiao, Huiliao Yang and Bo Zhang",2025.0,pdfTeX-1.40.25; modified using OpenPDF 1.4.2,Journal,No especificado,,https://doi.org/nan,Otro,0.0,NOA,NOA,Improved Nutcracker Optimization Algorithm,Otro,Path planning para UAV/robots,No especificado,No especificado,No especificado,No especificada,No especificada,No especificada,No especificada,No especificada,No especificada,No especificado,No especificado,No aplica,Por revisar,Por revisar,No especificado,Por revisar,Por revisar,Media,Multiple,"@article{paper_025, title={Multi-Unmanned Aerial Vehicle Path Planning Based }, year={2025}}",multi-UAV; path planning; improved nutcracker optimization algorithm,"Abstract: For the multi-UAV path planning problem, environmental modeling and an
improved swarm intelligence-based optimization algorithm are discussed in this paper.
Firstly, to align with reality, specific constraints of UAVs in motions, attitudes and altitudes,
real-world threats such as radars and no-fly zones, and inter-UAV collisions are consid-
ered. Thus, multi-UAV path planning is transformed into a multi-objective constrained
optimization problem. Accordingly, an improved nutcracker op",No extraídas,Por extraer,Por extraer,Por extraer,"Conclusions
The multi-UAV path planning problem faces many challenges. It was effectively
modeled in this study with constraints such as path length, segment distance, smoothness,
altitude, collision ",Abstract extraído,2026-03-07,Metadatos auto-extraídos desde Algoritmos_Otros,Por revisar,Fichas_Analisis_NUEVO,,,,,,,,,,,,,
PAPER_026,Enhancing Swarm Intelligence for Obstacle Avoidance with Multi-Strategy and Improved Dung Beetle Optimization Algorithm in Mobile Robot Navigation,"Longhai Li, Lili Liu, Yuxuan Shao, Xu Zhang, Yue Chen, Ce Guo and Heng Nian",2023.0,pdfTeX-1.40.21,Journal,No especificado,,https://doi.org/nan,Otro,0.0,DBO,DBO,Improved Dung Beetle Optimization,Otro,Path planning para UAV/robots,No especificado,No especificado,No especificado,No especificada,No especificada,No especificada,No especificada,No especificada,No especificada,No especificado,No especificado,No aplica,Por revisar,Por revisar,No especificado,Por revisar,Por revisar,Media,Multiple,"@article{paper_026, title={Enhancing Swarm Intelligence for Obstacle Avoidanc}, year={2023}}",dung beetle optimization (DBO) algorithm; multi-strategy and improved DBO (MSIDBO) algorithm; population diversity; convergence speed; global exploration; path planning,"Abstract: The Dung Beetle Optimization (DBO) algorithm is a powerful metaheuristic algorithm that
is widely used for optimization problems. However, the DBO algorithm has limitations in balancing
global exploration and local exploitation capabilities, often leading to getting stuck in local optima. To
overcome these limitations and address global optimization problems, this study introduces the Multi-
Strategy and Improved DBO (MSIDBO) Algorithm. The MSIDBO algorithm incorporates several
advance",No extraídas,Por extraer,Por extraer,Por extraer,Por extraer,Abstract extraído,2026-03-07,Metadatos auto-extraídos desde Algoritmos_Otros,Por revisar,Fichas_Analisis_NUEVO,,,,,,,,,,,,,
PAPER_027,A Multi-Strategy Collaborative Grey Wolf Optimization Algorithm for UAV Path Planning,"Chaoyi Rao, Zilong Wang and Peng Shao",2024.0,pdfTeX-1.40.25,Journal,No especificado,,https://doi.org/nan,Otro,0.0,GWO,GWO,Multi-Strategy Collaborative GWO,Otro,Path planning para UAV/robots,No especificado,No especificado,No especificado,No especificada,No especificada,No especificada,No especificada,No especificada,No especificada,No especificado,No especificado,No aplica,Por revisar,Por revisar,No especificado,Por revisar,Por revisar,Media,Multiple,"@article{paper_027, title={A Multi-Strategy Collaborative Grey Wolf Optimizat}, year={2024}}",grey wolf optimization algorithm; opposition-based learning; refraction principle; random walk; unmanned aerial vehicle path planning,"Abstract: The Grey Wolf Optimization Algorithm (GWO) is a member of the swarm intelligence
algorithm family, which possesses the highlights of easy realization, simple parameter settings and
wide applicability. However, in some large-scale application problems, the grey wolf optimization
algorithm easily gets trapped in local optima, exhibits poor global exploration ability and suffers from
premature convergence. Since grey wolf’s update is guided only by the best three wolves, it leads to
low p",No extraídas,Por extraer,Por extraer,Por extraer,Por extraer,Abstract extraído,2026-03-07,Metadatos auto-extraídos desde Algoritmos_Otros,Por revisar,Fichas_Analisis_NUEVO,,,,,,,,,,,,,
PAPER_028,An Efficient UAV Localization Technique Based on Particle Swarm Optimization,Weizheng Zhang; Wei Zhang,2022.0,Acrobat Distiller 11.0 (Windows); modified using iText® 7.1.16 ©2000-2021 iText Group NV (AGPL-version),Journal,No especificado,10.1109/TVT.2022.3178228,https://doi.org/10.1109/TVT.2022.3178228,Otro,0.0,PSO,,No especificada,Otro,Path planning para UAV/robots,No especificado,No especificado,No especificado,No especificada,No especificada,No especificada,No especificada,No especificada,No especificada,No especificado,No especificado,No aplica,Por revisar,Por revisar,No especificado,Por revisar,Por revisar,Media,Multiple,"@article{paper_028, title={An Efficient UAV Localization Technique Based on P}, year={2022}}",Localization; particle swarm optimization; UAV network,"[Fallback] 9544
IEEE TRANSACTIONS ON VEHICULAR TECHNOLOGY, VOL. 71, NO. 9, SEPTEMBER 2022
An Efﬁcient UAV Localization Technique
Based on Particle Swarm Optimization
Weizheng Zhang
, Member, IEEE, and Wei Zhang
, Fellow, IEEE
Abstract—Unmanned aerial vehicles (UAVs) have recently at-
tracted tremendous attenti",No extraídas,Por extraer,Por extraer,Por extraer,Por extraer,Abstract extraído (fallback),2026-03-07,Metadatos auto-extraídos desde Algoritmos_PSO,Por revisar,Fichas_Analisis_NUEVO,,,,,,,,,,,,,
PAPER_029,Improved Particle Swarm Optimization Based on Fuzzy Controller Fusion of Multiple Strategies for Multi-Robot Path Planning,"Jialing Hu, Yanqi Zheng, Siwei Wang and Changjun Zhou",2025.0,pdfTeX-1.40.25; modified using OpenPDF 1.4.2,Journal,No especificado,,https://doi.org/nan,Otro,0.0,PSO,,No especificada,Otro,Path planning para UAV/robots,No especificado,No especificado,No especificado,No especificada,No especificada,No especificada,No especificada,No especificada,No especificada,No especificado,No especificado,No aplica,Por revisar,Por revisar,No especificado,Por revisar,Por revisar,Media,Multiple,"@article{paper_029, title={Improved Particle Swarm Optimization Based on Fuzz}, year={2025}}",robots; path planning; particle swarm optimization; mutation factor; fuzzy controller; exponential noise,"[Fallback] Academic Editors: Domenico Ursino
and Min Chen
Received: 25 June 2025
Revised: 17 August 2025
Accepted: 28 August 2025
Published: 2 September 2025
Citation:
Hu, J.; Zheng, Y.; Wang, S.;
Zhou, C. Improved Particle Swarm
Optimization Based on Fuzzy
Controller Fusion of Multiple
Strategies for Multi-Ro",No extraídas,Por extraer,Por extraer,Por extraer,Por extraer,Abstract extraído (fallback),2026-03-07,Metadatos auto-extraídos desde Algoritmos_PSO,Por revisar,Fichas_Analisis_NUEVO,,,,,,,,,,,,,
PAPER_030,Hybrid APF–PSO Algorithm for Regional Dynamic Formation of UAV Swarms ,"Lei Zuo,Ying Wang, Yu Lu, Ruiwen Gu",2025.0,MiKTeX pdfTeX-1.40.25; modified using OpenPDF 1.4.2,Journal,No especificado,,https://doi.org/nan,Otro,0.0,PSO,,No especificada,Otro,Path planning para UAV/robots,No especificado,No especificado,No especificado,No especificada,No especificada,No especificada,No especificada,No especificada,No especificada,No especificado,No especificado,No aplica,Por revisar,Por revisar,No especificado,Por revisar,Por revisar,Media,Multiple,"@article{paper_030, title={Hybrid APF–PSO Algorithm for Regional Dynamic Form}, year={2025}}",UAV swarm; collision avoidance; particle swarm optimization; artificial potential field; protective coverage maximization; cooperative interception,"[Fallback] Academic Editor: Xiwang Dong
Received: 13 August 2025
Revised: 29 August 2025
Accepted: 31 August 2025
Published: 2 September 2025
Citation: Zuo, L.; Wang, Y.; Lu,Y.; Gu,
R. Hybrid APF–PSO Algorithm for
Regional Dynamic Formation of UAV
Swarms. Drones 2025, 9, 618. https://
doi.org/10.3390/drones909",No extraídas,Por extraer,Por extraer,Por extraer,"Conclusions
Our work establishes a fundamentally new paradigm for aerial threat defense by
introducing the first hybrid framework that unifies strategic coverage maximization with
real-time collision-",Abstract extraído (fallback),2026-03-07,Metadatos auto-extraídos desde Algoritmos_PSO,Por revisar,Fichas_Analisis_NUEVO,,,,,,,,,,,,,
PAPER_031,Three-Dimensional Path Planning for UAV Based on Multi-Strategy Dream Optimization Algorithm,"Xingyu Yang, Shiwei Zhao, Wei Gao, Peifeng Li, Zhe Feng, Lijing Li, Tongyao Jia and Xuejun Wang",2025.0,pdfTeX-1.40.25; modified using OpenPDF 1.4.2,Journal,No especificado,,https://doi.org/nan,Otro,0.0,DOA,DOA,Multi-Strategy Dream Optimization,Otro,Path planning para UAV/robots,No especificado,No especificado,No especificado,No especificada,No especificada,No especificada,No especificada,No especificada,No especificada,No especificado,No especificado,No aplica,Por revisar,Por revisar,No especificado,Por revisar,Por revisar,Media,Multiple,"@article{paper_031, title={Three-Dimensional Path Planning for UAV Based on M}, year={2025}}",UAV path planning; intelligent control; dream optimization algorithm; optimal path,"[Fallback] Academic Editor: Yongquan Zhou
Received: 2 July 2025
Revised: 5 August 2025
Accepted: 6 August 2025
Published: 21 August 2025
Citation: Yang, X.; Zhao, S.; Gao, W.;
Li, P.; Feng, Z.; Li, L.; Jia, T.; Wang, X.
Three-Dimensional Path Planning for
UAV Based on Multi-Strategy Dream
Optimization Algorith",No extraídas,Por extraer,Por extraer,Por extraer,Por extraer,Abstract extraído (fallback),2026-03-07,Metadatos auto-extraídos desde Algoritmos_Otros,Por revisar,Fichas_Analisis_NUEVO,,,,,,,,,,,,,
PAPER_033,UAV Formation Trajectory Planning Algorithms: A Review,"Yunhong Yang, Xingzhong Xiong and Yuehao Yan",2023.0,pdfTeX-1.40.21,Journal,No especificado,,https://doi.org/nan,Otro,0.0,Review,Review,Survey de Formation Trajectory Planning,Otro,Path planning para UAV/robots,No especificado,No especificado,No especificado,No especificada,No especificada,No especificada,No especificada,No especificada,No especificada,No especificado,No especificado,No aplica,Por revisar,Por revisar,No especificado,Por revisar,Por revisar,Media,Multiple,"@article{paper_033, title={UAV Formation Trajectory Planning Algorithms: A Re}, year={2023}}",heuristic algorithm; machine learning; multi-UAV formation; trajectory planning,"Abstract: With the continuous development of UAV technology and swarm intelligence technology,
the UAV formation cooperative mission has attracted wide attention because of its remarkable
function and ﬂexibility to complete complex and changeable tasks, such as search and rescue,
resource exploration, reconnaissance and surveillance. The collaborative trajectory planning of UAV
formation is a key part of the task execution. This paper attempts to provide a comprehensive
review of UAV formation t",No extraídas,Por extraer,Por extraer,Por extraer,Por extraer,Abstract extraído,2026-03-07,Metadatos auto-extraídos desde Revisiones_Existentes,Por revisar,Fichas_Analisis_NUEVO,,,,,,,,,,,,,
PAPER_034,Swarm intelligence algorithms for multiple unmanned aerial vehicles collaboration: a comprehensive review,Jun Tang ,2022.0,Acrobat Distiller 10.1.8 (Windows),Journal,No especificado,,https://doi.org/nan,Otro,0.0,Review,Review,Comprehensive Review de SI para Multi-UAV,Otro,Path planning para UAV/robots,No especificado,No especificado,No especificado,No especificada,No especificada,No especificada,No especificada,No especificada,No especificada,No especificado,No especificado,No aplica,Por revisar,Por revisar,No especificado,Por revisar,Por revisar,Media,Multiple,"@article{paper_034, title={Swarm intelligence algorithms for multiple unmanne}, year={2022}}",Unmanned aerial vehicle; Swarm intelligence; Collision avoidance; Task assignment; Path planning; Formation reconfiguration,"[Fallback] Vol.:(0123456789)
Artificial Intelligence Review
https://doi.org/10.1007/s10462-022-10281-7
1 3
Swarm intelligence algorithms for multiple unmanned aerial 
vehicles collaboration: a comprehensive review
Jun Tang1   · Haibin Duan2 · Songyang Lao1
Accepted: 12 September 2022 
© The Author(s), under ex",No extraídas,Por extraer,Por extraer,Por extraer,Por extraer,Abstract extraído (fallback),2026-03-07,Metadatos auto-extraídos desde Revisiones_Existentes,Por revisar,Fichas_Analisis_NUEVO,,,,,,,,,,,,,
PAPER_001,Swarm Intelligence-Based Trajectory Planning and Collision Avoidance for Flying Cars in Aerial Transportation,Meera Srilekha B; P Santhiya; Stewart Kirubakaran S; Getzi Jeba Leelipuushpam,2025.0,2025 1st International Conference on Radio Frequency Communication and Networks (RFCoN),article,6.45,10.1109/rfcon62306.2025.11085189,https://doi.org/10.1109/rfcon62306.2025.11085189,Crossref,0.0,GA,Algoritmo Genético,,Path Planning; Formation,,,,,,,,,,,,,,,,,,,,,B2025,,"Flying cars represent a potential alternative to city air transport, aiming to reduce traffic and provide more mobility. However, real-time trajectory planning and collision avoidance are problematic due to their larger size, higher speed, and more advanced maneuvering requirements. The conventional application of swarm intelligence models that were originally intended for drones overlooks these unique characteristics, leading to poor path planning and increased collision risks. The present work...",,,,,,No leído,2025-10-08,,,Swarm_Drones_DOI,,,,,,,,,,,,,
PAPER_002,Optimal path planning for drones based on swarm intelligence algorithm,Rashid A Saeed; Rashid A Saeed; Mohamed Omri; Mohamed Omri; S Abdel‐Khalek; Sayed Abdel-Khalek; Elmustafa Sayed Ali; Elmustafa Sayed Ali; Maged F Alotaibi; Maged Faihan Alotaibi,2022.0,Neural Computing and Applications,article,,10.1007/s00521-022-06998-9,https://doi.org/10.1007/s00521-022-06998-9,Crossref,107.0,PSO; Ant Colony Optimization; Bee Algorithm,,,Path Planning,,,,,,,,,,,,,,,,,,,,,Saeed2022,,"Recently, Drones and UAV research were becoming one of the interest topics for academia and industry, where it has been extensively addressed in the literature back the few years. Path planning of drones in an area with complex terrain or unknown environment and restricted by some obstacles is one of the most problems facing the operation of drones. The problem of path planning is not only limited to searching for an appropriate path from the starting point to the destination but also related to...",,,,,,No leído,2025-10-09,,,Swarm_Drones_DOI,,,,,,,,,,,,,
PAPER_003,Efficient path planning for UAV formation via comprehensively improved particle swarm optimization,Shikai Shao; Shikai Shao; Peng Yu; Yu Peng; Chenglong He; Chenglong He; Yun Du; Yun Du,2020.0,ISA Transactions,article,,10.1016/j.isatra.2019.08.018,https://pubmed.ncbi.nlm.nih.gov/31416619,Crossref,287.0,PSO; Particle Swarm Optimization,,,Formation Control; Path Planning,,,,,,,,,,,,,,,,,,,,,Shao2020,,,,,,,,No leído,2025-10-10,,,Swarm_Drones_DOI,,,,,,,,,,,,,
PAPER_004,Performance of a modified YOLOv3 object detector on remotely piloted aircraft system acquired full motion video,Fouad Faraj; Fouad Faraj; Alexander Braun; Alexander Braun; Andrew Stewart; Andrew F Stewart; Huiwen You; Huiwen You; Anne Webster; A Bruce Webster; Andrew Macdonald; Andrew J Macdonald; Leigh Martin-Boyd; Leigh Martin-Boyd,2022.0,Journal of Applied Remote Sensing,article,,10.1117/1.jrs.16.022203,https://doi.org/10.1117/1.jrs.16.022203,Crossref,1.0,Q-Learning,,,Surveillance; Tracking,,,,,,,,,,,,,,,,,,,,,Faraj2022,,"Remotely piloted aircraft systems (RPAS) have introduced a new ability to quickly deploy low-cost, fully or partially autonomous aerial sensor platforms, which has created new intelligence, surveillance, and reconnaissance capabilities in various domains using cameras that are ubiquitous in most RPAS. The mounted cameras acquire images or full-motion video (FMV) which can be analyzed using object detection algorithms for locating and classifying one or more specified targets. To date, there has ...",,,,,,No leído,2025-10-11,,,Swarm_Drones_DOI,,,,,,,,,,,,,
PAPER_005,Hybrid Intelligence Systems Combining Human Expertise and AI/RPA for Complex Problem Solving,Kamala Venigandla; Navya Vemuri; Naveen Vemuri,2024.0,International Journal of Innovative Science and Research Technology (IJISRT),article,,10.38124/ijisrt/ijisrt24mar2039,https://doi.org/10.38124/ijisrt/ijisrt24mar2039,Crossref,8.0,Q-Learning,,,Tracking,,,,,,,,,,,,,,,,,,,,,Venigandla2024,,"Hybrid Intelligence Systems (HIS) represent a paradigm shift in problem-solving methodologies by integrating human expertise with Artificial Intelligence (AI) and Robotic Process Automation (RPA). This paper explores the mechanisms, applications, benefits, challenges, and future directions of HIS in the context of complex problem-solving. Through collaborative synergies between human cognition and machine intelligence, HIS enhances decision-making accuracy, efficiency, and innovation. Human expe...",,,,,,No leído,2025-10-12,,,Swarm_Drones_DOI,,,,,,,,,,,,,
PAPER_006,Relationship Between Spiritual Well-being and Post-traumatic Stress Disorder Symptoms in United States Air Force Remotely Piloted Aircraft and Intelligence Personnel,Joe Wood; Joe Wood; Joe Wood; Catherine M Ware; Catherine M Ware; Terry Correll; Terry Correll; John E Heaton; John E Heaton; T McBride; Teg W McBride; Jared T Haynes; Jared T Haynes,2018.0,Military Medicine,article,,10.1093/milmed/usx032,https://pubmed.ncbi.nlm.nih.gov/31505653,Crossref,7.0,Q-Learning,,,Tracking,,,,,,,,,,,,,,,,,,,,,Wood2018,,"BACKGROUND: Remotely piloted aircraft (RPA) are in frequent use by the U.S. Air Force to engage in combat operations from remote locations. RPA operations involve remote killing, which can lead to significant emotional responses. This study addresses a gap in research by examining the association of existential and spiritual health with post-traumatic stress disorder (PTSD) symptoms in RPA and intelligence personnel. METHODS: Three hundred and five U.S. Air Force RPA and intelligence personnel c...",,,,,,No leído,2025-10-13,,,Swarm_Drones_DOI,,,,,,,,,,,,,
PAPER_007,Control Technology for Remotely Piloted Air Systems (RPAS),Dmitry Senchuk; Dmitry Senchuk; Roman Meshcheryakov; Roman Meshcheryakov; Roman Meshcheryakov,2019.0,2019 12th International Conference on Developments in eSystems Engineering (DeSE),article,,10.1109/dese.2019.00092,https://doi.org/10.1109/dese.2019.00092,Crossref,0.0,ACO,,,Formation; Disaster Response,,,,,,,,,,,,,,,,,,,,,Senchuk2019,,"Remotely piloted aircraft systems (RPAS) are capable to solve a wide range of application tasks, including ones with high requirements to the time limit of performance. These requirements are mitigated in case of simultaneous use of multiple vehicles of different type. It is expedient to develop and implement technologies that ensure automatic tasks fulfilment in order to improve efficiency of their use. This article describes typical missions for UAVs used in the Ministry of Emergency Situation...",,,,,,No leído,2025-10-14,,,Swarm_Drones_DOI,,,,,,,,,,,,,
PAPER_008,A survey on population-based meta-heuristic algorithms for motion planning of aircraft,Yu Cheng Wu; Yu Wu,2021.0,Swarm and Evolutionary Computation,article,,10.1016/j.swevo.2021.100844,https://doi.org/10.1016/j.swevo.2021.100844,Crossref,60.0,Q-Learning,,,Tracking,,,,,,,,,,,,,,,,,,,,,Wu2021,,,,,,,,No leído,2025-10-15,,,Swarm_Drones_DOI,,,,,,,,,,,,,
PAPER_009,"Path planning techniques for unmanned aerial vehicles: A review, solutions, and challenges",Shubhani Aggarwal; Shubhani Aggarwal; Neeraj Kumar; Neeraj Kumar,2020.0,Computer Communications,article,,10.1016/j.comcom.2019.10.014,https://doi.org/10.1016/j.comcom.2019.10.014,Crossref,732.0,Q-Learning,,,Path Planning; Tracking,,,,,,,,,,,,,,,,,,,,,Aggarwal2020,,,,,,,,No leído,2025-10-16,,,Swarm_Drones_DOI,,,,,,,,,,,,,
PAPER_010,Remotely Piloted Aircraft C2 Latency during Air- to-Air Combat,D A L T HirTyacre,2022.0,,article,,,https://www.semanticscholar.org/paper/163f035d4506b674099ea74a12dbfe7002409b81,Mendeley,,Q-Learning,,,Tracking,,,,,,,,,,,,,,,,,,,,,HirTyacre2022,,,,,,,,No leído,2025-10-17,,,Swarm_Drones_DOI,,,,,,,,,,,,,
PAPER_011,THE BEHAVIOR-BASED APPROACH FOR REMOTELY PILOTED AIRCRAFT SWARM CONTROL IN DYNAMIC ENVIRONMENT,Ihor Skyrda; I І Skyrda,2019.0,Scientific notes of Taurida National V.I. Vernadsky University. Series: Technical Sciences,article,,10.32838/2663-5941/2019.3-1/05,https://doi.org/10.32838/2663-5941/2019.3-1/05,Crossref,0.0,GA,,,Formation,,,,,,,,,,,,,,,,,,,,,Skyrda2019,,,,,,,,No leído,2025-10-18,,,Swarm_Drones_DOI,,,,,,,,,,,,,
PAPER_012,UAV Path Planning Model Leveraging Machine Learning and Swarm Intelligence for Smart Agriculture,Roberto E Roque-Claros; Deivi P Flores-Llanos; Abel R Maquera-Humpiri; Vijaya Krishna Sonthi; Sudhakar Sengan; R Rangasamy,2024.0,Scalable Computing: Practice and Experience,article,,10.12694/scpe.v25i5.3131,https://doi.org/10.12694/scpe.v25i5.3131,Crossref,0.0,ACO; Genetic Algorithm,,,Task Allocation; Path Planning; Agriculture,,,,,,,,,,,,,,,,,,,,,Roque-Claros2024,,"Smart agriculture, through precision farming, is revolutionizing traditional farming methods by optimizing resource use and enhancing yields. With the integration of technology, especially the advent of Unmanned Aerial Vehicles (UAVs) or drones, modern agriculture has attained new heights in efficient crop management, real-time data collection, and sustainable practices. UAVs play a pivotal role, offering aerial insights into crop health, soil conditions, and targeted resource application, promo...",,,,,,No leído,2025-10-19,,,Swarm_Drones_DOI,,,,,,,,,,,,,
PAPER_013,Deep Learning Approaches for IoV Applications and Services,Lina Elmoiz Alatabani; Lina Elmoiz Alatabani; Elmustafa Sayed Ali; Elmustafa Sayed Ali; Elmustafa Sayed Ali; Rashid A Saeed; Rashid A Saeed; Rashid A Saeed,2021.0,Internet of Things,article,,10.1007/978-3-030-76493-7_8,https://doi.org/10.1007/978-3-030-76493-7_8,Crossref,25.0,Q-Learning,,,Tracking,,,,,,,,,,,,,,,,,,,,,Alatabani2021,,"Internet of vehicles (IoV) has become an important revolution of intelligent transportation system (ITS). It became an emerging research area as the need for it has increased tremendously. With a great number of applications available, in addition to the intention to improve the quality of life and quality of services, the application of artificial intelligence (AI) techniques would dramatically enhance the performance of the IoV overall system. This chapter will discuss deep learning networks a...",,,,,,No leído,2025-10-20,,,Swarm_Drones_DOI,,,,,,,,,,,,,
PAPER_014,Green Machine Learning for Green Cloud Energy Efficiency,Mona Bakri Hassan; Mona Bakri Hassan; Rashid A Saeed; Rashid A Saeed; Rashid A Saeed; Othman Khalifa; Othman Omran Khalifa; Elmustafa Sayed Ali; Elmustafa Sayed Ali; Rania A Mokhtar; Rania A Mokhtar; Aisha A Hashim; Aisha Hassan Abdalla Hashim,2022.0,2022 IEEE 2nd International Maghreb Meeting of the Conference on Sciences and Techniques of Automatic Control and Computer Engineering (MI-STA),article,,10.1109/mi-sta54861.2022.9837531,https://doi.org/10.1109/mi-sta54861.2022.9837531,Crossref,24.0,Q-Learning,,,Tracking,,,,,,,,,,,,,,,,,,,,,Hassan2022,,The efficiency of energy in cloud computing (CC) is one of the critical and vital parameters for large server-based networks due to CC consuming a great amount of energy and the dramatic energy consumption growth in the area of digital services. Focus on cloud computing energy consumption and efficiency is one of the key issues in a modern data center structure for operation costs reduction and fulfilling the green computing goals. Machine learning plays an important role to optimize the operati...,,,,,,No leído,2025-10-21,,,Swarm_Drones_DOI,,,,,,,,,,,,,
PAPER_015,Assessing Person-Job Fit for Careers as Remotely Piloted Aircraft Sensor Operators,Thomas R Carretta; Thomas R Carretta; Sophie Romay; Sophie Romay; Amanda Mouton; Amanda Mouton; Andrew Deregla; Andrew Deregla; Angela Clark; Angela Clark; Laura G Barron; Laura G Barron,2020.0,The International Journal of Aerospace Psychology,article,,10.1080/24721840.2020.1813034,https://doi.org/10.1080/24721840.2020.1813034,Crossref,1.0,Q-Learning,,,Tracking,,,,,,,,,,,,,,,,,,,,,Carretta2020,,"Recent US Air Force occupational surveys indicated that while job satisfaction is high for Remotely Piloted Aircraft (RPA) Sensor Operators (SO), a high percentage do want to reenlist. The objectiv...",,,,,,No leído,2025-10-22,,,Swarm_Drones_DOI,,,,,,,,,,,,,
PAPER_016,Internet of vehicle's resource management in 5G networks using AI technologies: Current status and trends,Nada M Elfatih; Nada M Elfatih; Mohammad Kamarul Hasan; Mohammad Kamrul Hasan; Mohammad Kamrul Hasan; Zeinab Kamal; Zeinab Kamal; Deepa Gupta; Deepa Gupta; Rashid A Saeed; Rashid A Saeed; Rashid A Saeed; Elmustafa Sayed Ali; Elmustafa Sayed Ali; Md. Sarwar Hosain; Md. Sarwar Hosain,2021.0,IET Communications,article,,10.1049/cmu2.12315,https://doi.org/10.1049/cmu2.12315,Crossref,61.0,Q-Learning,,,Tracking,,,,,,,,,,,,,,,,,,,,,Elfatih2021,,"AbstractThe Internet of Vehicles (IoV) and Vehicle‐to‐Everything (V2X) concept have emerged from IoT technology, which refers to connecting many vehicles with various applications to the internet. The 5G new radio is based on a cloud‐radio access network (CRAN), considered as the communication infrastructure for IoV. However, due to the significant challenges and issues, researchers have been working on IoV and V2X. One of the main challenges for V2X is resource allocation and management for a h...",,,,,,No leído,2025-10-23,,,Swarm_Drones_DOI,,,,,,,,,,,,,
PAPER_017,Multidimensional Aptitude Battery-Second Edition Intelligence Testing of Remotely Piloted Aircraft Training Candidates Compared with Manned Airframe Training Candidates,Julie Swearingen; Julie Swearingen; Wayne Chappelle; Wayne Chappelle; Tanya Goodman; Tanya Goodman; W T Thompson; William Thompson,2015.0,,article,,10.21236/ada623714,https://doi.org/10.21236/ada623714,Crossref,0.0,Consensus,,,SAR,,,,,,,,,,,,,,,,,,,,,Swearingen2015,,"Abstract : The advancement of aviation drone technology has led to significant developments and improvements in the capabilities of military remotely piloted aircraft (RPAs, also known as drones). The prolific demand for RPA missions has led to an ever-increasing need for RPA pilots and to the development of a U.S. Air Force (USAF) RPA pilot career field. To date, there are limited objective data published on personnel who desire and self-select to USAF weapons bearing RPA pilots. This study eva...",,,,,,No leído,2025-10-24,,,Swarm_Drones_DOI,,,,,,,,,,,,,
PAPER_018,Cooperative Path Planning for Heterogeneous UAV Swarms: A Stackelberg Game Approach,Zhe Zhang; Ju Jiang; Keck Voon Ling; Xinhua Wang; Wen-an Zhang,2025.0,IEEE Transactions on Automation Science and Engineering,article,,10.1109/tase.2025.3585946,https://doi.org/10.1109/tase.2025.3585946,Crossref,1.0,PSO,,,Path Planning; Formation,,,,,,,,,,,,,,,,,,,,,Zhang2025,,The coordinated operations of Stealth Unmanned Aerial Vehicle (SUAV) and Swarming Drones (SD) have demonstrated formidable power in the military domain. Efficient path planning is a critical technology that enhances combat effectiveness. This paper proposes a game-theoretic optimization approach to achieve cooperative penetration and target search path planning for swarm UAVs. Multi-task and multi-objective optimization models are developed for complex scenarios whose optimal solutions are NP-ha...,,,,,,No leído,2025-10-25,,,Swarm_Drones_DOI,,,,,,,,,,,,,
PAPER_019,An IoT-Platform-Based Deep Learning System for Human Behavior Recognition in Smart City Monitoring Using the Berkeley MHAD Datasets,Othman Omran Khalifa; Othman O Khalifa; Adil Roubleh; Adil Roubleh; Abdelrahim Esgiar; Abdelrahim Esgiar; Maha Abdelhaq; Maha Abdelhaq; Raed Alsaqour; Raed Alsaqour; Aisha Abdalla; Aisha Abdalla; Elmustafa Sayed Ali; Elmustafa Sayed Ali; Rashid A Saeed; Rashid A Saeed,2022.0,Systems,article,,10.3390/systems10050177,https://doi.org/10.3390/systems10050177,Crossref,31.0,Q-Learning,,,Surveillance; Tracking,,,,,,,,,,,,,,,,,,,,,Khalifa2022,,"Internet of Things (IoT) technology has been rapidly developing and has been well utilized in the field of smart city monitoring. The IoT offers new opportunities for cities to use data remotely for the monitoring, smart management, and control of device mechanisms that enable the processing of large volumes of data in real time. The IoT supports the connection of instruments with intelligible features in smart cities. However, there are some challenges due to the ongoing development of these ap...",,,,,,No leído,2025-10-26,,,Swarm_Drones_DOI,,,,,,,,,,,,,
PAPER_020,A Drones Optimal Path Planning Based on Swarm Intelligence Algorithms,Mahmoud Ragab; Mahmoud Ragab; Ali Altalbe; Ali Altalbe; Abdullah Saad Al-Malaise ALGhamdi; Abdullah AL-Malaise AL-Ghamdi; S Abdel-khalek; S Abdel‐Khalek; Rashid A Saeed; Rashid A Saeed,2022.0,"Computers, Materials &amp; Continua",article,,10.32604/cmc.2022.024932,https://doi.org/10.32604/cmc.2022.024932,Crossref,3.0,PSO,,,Surveillance; Path Planning; Agriculture,Delivery,,,,,,,,,,,,,,,,,,,,Ragab2022,,"The smart city comprises various interlinked elements which communicate data and offers urban life to citizen. Unmanned Aerial Vehicles (UAV) or drones were commonly employed in different application areas like agriculture, logistics, and surveillance. For improving the drone flying safety and quality of services, a significant solution is for designing the Internet of Drones (IoD) where the drones are utilized to gather data and people communicate to the drones of a specific flying region using...",,,,,,No leído,2025-10-27,,,Swarm_Drones_DOI,,,,,,,,,,,,,
PAPER_021,"Utilizing high-performance embedded computing, agile condor, for intelligent processing: An artificial intelligence platform for remotely piloted aircraft",Darrek Isereau; Darrek Isereau; C T Capraro; Christopher Capraro; \'Eric C\^ot\'e; Eric Cote; Mark Barnell; Mark Barnell; Courtney Raymond; Courtney Raymond,2017.0,2017 Intelligent Systems Conference (IntelliSys),article,,10.1109/intellisys.2017.8324277,https://doi.org/10.1109/intellisys.2017.8324277,Crossref,10.0,Q-Learning,,,Formation Control; Tracking,,,,,,,,,,,,,,,,,,,,,Isereau2017,,"A newly invented, high performance, pod-based computer architecture, called Agile Condor (patent pending), has been designed and developed. Agile Condor is supporting autonomous operations by providing a platform for the innovative use of artificial intelligence, machine learning, and decision making algorithms upstream, near the information source, where the data is collected. In September 2016, experimental tests successfully demonstrated the ability to implement advanced neural networks and d...",,,,,,No leído,2025-10-28,,,Swarm_Drones_DOI,,,,,,,,,,,,,
PAPER_022,Vehicle Detection for Vision-Based Intelligent Transportation Systems Using Convolutional Neural Network Algorithm,Othman Omran Khalifa; Othman O Khalifa; Muhammad H Wajdi; Muhammad H Wajdi; Rashid A Saeed; Rashid A Saeed; Rashid A Saeed; Aisha Hassan Abdalla Hashim; Aisha Hassan Abdalla Hashim; Muhammed Z Ahmed; Muhammed Zaharadeen Ahmed; Elmustafa Sayed Ali; Elmustafa Sayed Ali,2022.0,Journal of Advanced Transportation,article,,10.1155/2022/9189600,https://doi.org/10.1155/2022/9189600,Crossref,35.0,PSO,,,Task Allocation; Surveillance; Formation Control,,,,,,,,,,,,,,,,,,,,,Khalifa2022a,,"Vehicle detection in Intelligent Transportation Systems (ITS) is a key factor ensuring road safety, as it is necessary for the monitoring of vehicle flow, illegal vehicle type detection, incident detection, and vehicle speed estimation. Despite the growing popularity in research, it remains a challenging problem that must be solved. Hardware-based solutions such as radars and LIDAR are been proposed but are too expensive to be maintained and produce little valuable information to human operators...",,,,,,No leído,2025-10-29,,,Swarm_Drones_DOI,,,,,,,,,,,,,
PAPER_023,A Survey on the Convergence of Edge Computing and AI for UAVs: Opportunities and Challenges,Patrick McEnroe; Patrick McEnroe; Shen Wang; Shen Wang; Madhusanka Liyanage; Madhusanka Liyanage,2022.0,IEEE Internet of Things Journal,article,,10.1109/jiot.2022.3176400,https://doi.org/10.1109/jiot.2022.3176400,Crossref,313.0,Formation,,,Delivery; Formation Control; Inspection,Agriculture; Path Planning; Search and Rescue,,,,,,,,,,,,,,,,,,,,McEnroe2022,,"The latest 5G mobile networks have enabled many exciting Internet of Things (IoT) applications that employ unmanned aerial vehicles (UAVs/drones). The success of most UAV-based IoT applications is heavily dependent on artificial intelligence (AI) technologies, for instance, computer vision and path planning. These AI methods must process data and provide decisions while ensuring low latency and low energy consumption. However, the existing cloud-based AI paradigm finds it difficult to meet these...",,,,,,No leído,2025-10-30,,,Swarm_Drones_DOI,,,,,,,,,,,,,
PAPER_024,Self-Supervised Learning Graphical Neural Network Driven Prediction Model for Path-Planning and Navigation in Smart Sustainable Agriculture,R Nivetha; K C Sriharipriya; B Balusamy,2025.0,IEEE Access,article,,10.1109/access.2025.3602476,https://doi.org/10.1109/access.2025.3602476,Crossref,0.0,GA,,,Path Planning; Formation; Agriculture,,,,,,,,,,,,,,,,,,,,,Nivetha2025,,"Recently, autonomous systems in agriculture have garnered increased attention among research communities and industries due to their greater significance. With rapid technological advances, numerous autonomous systems have been actively deployed in agriculture to accomplish complex tasks, such as surveying agricultural fields, managing the water cycle, resolving soil compaction issues, etc. Swarm robotics, path planning, and task assignment systems play a crucial role in agricultural automation ...",,,,,,No leído,2025-10-31,,,Swarm_Drones_DOI,,,,,,,,,,,,,
PAPER_025,AGRICULTURAL UAV CROP SPRAYING PATH PLANNING BASED ON PSO-A* ALGORITHM,Lijuan Fan,2023.0,INMATEH Agricultural Engineering,article,,10.35633/inmateh-71-54,https://doi.org/10.35633/inmateh-71-54,Crossref,4.0,ACO; Particle Swarm Optimization,,,Task Allocation; Path Planning; Agriculture,,,,,,,,,,,,,,,,,,,,,Fan2023,,"Currently, drones have been gradually applied in the field of agriculture, and have been widely used in various types of agricultural aerial operations such as precision sowing, pesticide spraying, and vegetation detection. The use of agricultural UAVs for pesticide spraying has become an important task in the agricultural plant protection process. However, in the crop spraying process of agricultural UAVs, it is necessary to traverse multiple spray points and plan obstacle avoidance paths, whic...",,,,,,No leído,2025-10-32,,,Swarm_Drones_DOI,,,,,,,,,,,,,
PAPER_026,"Optimization of Crop Yield in Precision Agriculture Using WSNs, Remote Sensing, and Atmospheric Simulation Models for Real-Time Environmental Monitoring",V Barrile; Clemente Maesano; E Genovese,2025.0,Journal of Sensor and Actuator Networks,article,,10.3390/jsan14010014,https://doi.org/10.3390/jsan14010014,Crossref,1.0,PSO,,,Coverage; Environmental Monitoring; Formation Control,Agriculture; Surveillance,,,,,,,,,,,,,,,,,,,,Barrile2025,,"Due to the increasing demand for agricultural production and the depletion of natural resources, the rational and efficient use of resources in agriculture becomes essential. Thus, Agriculture 4.0 or precision agriculture (PA) was born, which leverages advanced technologies such as Geographic Information Systems (GIS), Artificial Intelligence (AI), sensors and remote sensing techniques to optimize agricultural practices. This study focuses on an innovative approach integrating data from differen...",,,,,,No leído,2025-10-33,,,Swarm_Drones_DOI,,,,,,,,,,,,,
PAPER_027,Intelligent Scheduling Technology of Swarm Intelligence Algorithm for Drone Path Planning,Zhipeng Meng; Dongze Li; Yong Zhang; Haoquan Yan,2024.0,Drones,article,,10.3390/drones8040120,https://doi.org/10.3390/drones8040120,Crossref,5.0,PSO; Q-Learning,,,Path Planning; Formation,,,,,,,,,,,,,,,,,,,,,Meng2024,,"Different kinds of swarm intelligence algorithm obtain superior performances in solving complex optimization problems and have been widely used in path planning of drones. Due to their own characteristics, the optimization results may vary greatly in different dynamic environments. In this paper, a scheduling technology for swarm intelligence algorithms based on deep Q-learning is proposed to intelligently select algorithms to realize 3D path planning. It builds a unique path point database and ...",,,,,,No leído,2025-10-34,,,Swarm_Drones_DOI,,,,,,,,,,,,,
PAPER_028,Enhancing Precision Agriculture Through PSO-Enabled Drones: Targeted Pest Control in Indonesian Rice Cultivation,Anhar Risnumawan; Achmad Maliki; I A Sulistijono; Farida Gamar,2023.0,"2023 8th International Conference on Electrical, Electronics and Information Engineering (ICEEIE)",article,,10.1109/iceeie59078.2023.10334868,https://doi.org/10.1109/iceeie59078.2023.10334868,Crossref,4.0,PSO; Particle Swarm Optimization; Flocking,,,Path Planning; Agriculture,,,,,,,,,,,,,,,,,,,,,Risnumawan2023,,"This study presents an application of aerial vehicles (UAVs), commonly known as drones, integrated with computer vision technology to detect and treat pests in precision agriculture. The focus is on rice cultivation in Indonesia, where pest infestations have contributed to a decline in the area. To address this issue, the paper proposes an approach that combines the Particle Swarm Optimization (PSO) model with Visible Atmospherically Resistant Index (VARI) imaging. This combination allows for ta...",,,,,,No leído,2025-10-35,,,Swarm_Drones_DOI,,,,,,,,,,,,,
PAPER_029,"Posttraumatic stress syndrome in remotely piloted aircraft (RPA) pilots and the intelligence, surveillance and reconnaissance (ISR) community: Policy analysis and recommendations for action",Stefanie Melissa Watkins-Nance; Stefanie Melissa Watkins-Nance,2015.0,,article,,,https://www.semanticscholar.org/paper/ae0afd8fc7c7c32bb792d7215ea184978cb176fb,Mendeley,,Q-Learning,,,Surveillance; Tracking,,,,,,,,,,,,,,,,,,,,,Watkins-Nance2015,,,,,,,,No leído,2025-10-36,,,Swarm_Drones_DOI,,,,,,,,,,,,,
PAPER_030,Enhanced multi agent coordination algorithm for drone swarm patrolling in durian orchards,Ruipeng Tang; Jianrui Tang; M S A Talip; Narendra Kumar Aridas; Xifeng Xu,2025.0,Scientific Reports,article,,10.1038/s41598-025-88145-7,https://pubmed.ncbi.nlm.nih.gov/40097450,Crossref,6.0,GA,,,Formation Control; Path Planning; Formation,Environmental Monitoring,,,,,,,,,,,,,,,,,,,,Tang2025,,"This study proposes an enhanced multi-agent swarm control algorithm (EN-MASCA) to solve the problem of efficient patrolling of drone swarms in complex durian orchard environments. It introduces a virtual navigator model to dynamically adjust the patrol path of the drone swarm and perform obstacle avoidance and path optimization in real time according to environmental changes. Different from traditional algorithms that only rely on fixed path planning, the virtual navigator model significantly im...",,,,,,No leído,2025-10-37,,,Swarm_Drones_DOI,,,,,,,,,,,,,
PAPER_031,Reassessment of Occupational Health Among U.S. Air Force Remotely Piloted Aircraft (Drone) Operators,Wayne Chappelle; Wayne Chappelle; Julie Swearingen; Julie Swearingen; Tanya Goodman; Tanya Goodman; Lillian Prince; Lillian Prince; W T Thompson; William Thompson,2017.0,,article,,,https://www.semanticscholar.org/paper/6e6a11b7ad6cb8728ac13b349c78955f2473307f,Mendeley,,Consensus,,,Surveillance; SAR,,,,,,,,,,,,,,,,,,,,,Chappelle2017,,"Abstract : MQ-1 Predator and MQ-9 Reaper remotely piloted aircraft (RPA; drones) operators participate in a diverse range of intelligence, surveillance, and reconnaissance missions, as well as weapon strike missions for close air support to ground troops and aerial sniper missions of enemy combatants. Such operators are required to sustain around-the-clock operations to meet the demand from military leadership requesting weaponized RPAs to support a wide range of global missions. As a result, th...",,,,,,No leído,2025-10-38,,,Swarm_Drones_DOI,,,,,,,,,,,,,
PAPER_032,Machine Learning Technologies for Secure Vehicular Communication in Internet of Vehicles: Recent Advances and Applications,Elmustafa Sayed Ali; Elmustafa Sayed Ali; Mohammad Kamrul Hasan; Mohammad Kamrul Hasan; Rosilah Hassan; Rosilah Hassan; Rosilah Hassan; Rosilah Hassan; Rashid A Saeed; Rashid A Saeed; Rashid A Saeed; Mona Bakri Hassan; Mona Bakri Hassan; Shayla Islam; Shayla Islam; Shayla Islam; Shayla Islam; Nazmus Shaker Nafi; Nazmus S Nafi; Savitri Bevinakoppa; Savitri Bevinakoppa,2021.0,Security and Communication Networks,article,,10.1155/2021/8868355,https://doi.org/10.1155/2021/8868355,Crossref,159.0,PSO,,,Formation Control; Path Planning,,,,,,,,,,,,,,,,,,,,,Ali2021,,"Recently, interest in Internet of Vehicles’ (IoV) technologies has significantly emerged due to the substantial development in the smart automobile industries. Internet of Vehicles’ technology enables vehicles to communicate with public networks and interact with the surrounding environment. It also allows vehicles to exchange and collect information about other vehicles and roads. IoV is introduced to enhance road users’ experience by reducing road congestion, improving traffic management, and ...",,,,,,No leído,2025-10-39,,,Swarm_Drones_DOI,,,,,,,,,,,,,
PAPER_033,Artificial Intelligence techniques for autonomous drone swarms,Alejandro Puente-Castro; Alejandro Puente-Castro; Daniel Cebri\'an; Daniel Cebri\'an; Alejandro Sierra; Alejandro Sierra; Enrique Fernandez-Blanco; Enrique Fern\'andez-Blanco,2021.0,"Proceedings of MOL2NET'21, Conference on Molecular, Biomedical &amp; Computational Sciences and Engineering, 7th ed.",article,,10.3390/mol2net-07-11845,https://doi.org/10.3390/mol2net-07-11845,Crossref,0.0,Consensus,,,Coverage; SAR; Path Planning,,,,,,,,,,,,,,,,,,,,,Puente-Castro2021,,"Path planning is a critical problem that entails calculating a wide range of ideal paths for each drone in a swarm. If this challenge could be solved, it would be possible to control a large number of drones without the need for human involvement while preserving optimal trajectories. The fewer people needed to operate UAVs and the shorter the path, the lower the costs. The primary goal is to create Artificial Intelligence based systems that can calculate the best flying path for a swarm of dron...",,,,,,No leído,2025-10-40,,,Swarm_Drones_DOI,,,,,,,,,,,,,
PAPER_034,SoilMoistureMapper: a GNSS-R approach for soil moisture retrieval on UAV,V Senyurek; M Farhad; A Gurbuz; M Kurum; R Moorhead,2021.0,,article,,,https://www.semanticscholar.org/paper/a8c923130b17004b1efb163cb3a0eb426d00a28d,Mendeley,,Formation,,,Agriculture,,,,,,,,,,,,,,,,,,,,,Senyurek2021,,,,,,,,No leído,2025-10-41,,,Swarm_Drones_DOI,,,,,,,,,,,,,
PAPER_035,PackerRobo: Model-based robot vision self supervised learning in CART,Altaf Khan; Asif Khan; Jian Ping Li; Jian Ping Li; Mohammad Kamrul Hasan; Mohammad Kamrul Hasan; Naushad Varish; Naushad Varish; Zulkefli Mansor; Zulkefli Mansor; Shayla Islam; Shayla Islam; Rashid A Saeed; Rashid A Saeed; Majid Alshammari; Majid Alshammari; Hesham Alhumyani; Hesham Alhumyani,2022.0,Alexandria Engineering Journal,article,,10.1016/j.aej.2022.05.043,https://doi.org/10.1016/j.aej.2022.05.043,Crossref,26.0,Q-Learning,,,Formation Control; Tracking,,,,,,,,,,,,,,,,,,,,,Khan2022,,"Robots are most widely used to replace human contribution with machine generated response. When humans interact with robots, its mandatory for both to forecast actions based on current conditions. Huge efforts have been channelized towards attaining this perfect coordination. To decipher complex environments, the inference of robotic mobility and alteration of random unstructured scenarios is a complicated task in the field of visual processing and imaging. To address this issue, a new Vision-Ba...",,,,,,No leído,2025-10-42,,,Swarm_Drones_DOI,,,,,,,,,,,,,
PAPER_036,Near-Ground Delivery Drones Path Planning Design Based on BOA-TSAR Algorithm,Yuan Luo; Jiakai Lu; Yi Zhang; Kai Zheng; Qiong Qin; Liang He; Yanyu Liu,2022.0,Drones,article,,10.3390/drones6120393,https://doi.org/10.3390/drones6120393,Crossref,8.0,ACO,,,Task Allocation; Mapping; Path Planning,Delivery,,,,,,,,,,,,,,,,,,,,Luo2022,,"With the advancement of technology and the rise of the unmanned aerial vehicle industry, the use of drones has grown tremendously. For drones performing near-ground delivery missions, the problem of 3D space-based path planning is particularly important in the autonomous navigation of drones in complex spaces. Therefore, an improved butterfly optimization (BOA-TSAR) algorithm is proposed in this paper to achieve the autonomous pathfinding of drones in 3D space. First, this paper improves the ran...",,,,,,No leído,2025-10-43,,,Swarm_Drones_DOI,,,,,,,,,,,,,
PAPER_037,SATCOM Supply Versus Demand and the Impact on Remotely Piloted Aircraft ISR,Lisa A Baghal,2016.0,,article,,,https://www.semanticscholar.org/paper/1c3e112658d0e06fa7bf224609a13ed31f6e74d3,Mendeley,,Q-Learning,,,Surveillance; Tracking,,,,,,,,,,,,,,,,,,,,,Baghal2016,,"Abstract : Changes in Intelligence, Surveillance, and Reconnaissance (ISR) sensor technology have drastically increased the amount of available data, but the primary method of transmitting the data Satellite Communications (SATCOM) has not kept pace. Remotely Piloted Aircraft (RPA) such as the MQ-1 Predator and MQ-9 Reaper are a major user of SATCOM for both command and control and data links. Their full motion video (FMV) sensors provide exquisite ISR capability; however, FMV requires significa...",,,,,,No leído,2025-10-44,,,Swarm_Drones_DOI,,,,,,,,,,,,,
PAPER_038,Classifiers based on artificial intelligence in the prediction of recently planted coffee cultivars using a Remotely Piloted Aircraft System,Nicole Lopes Bento; Gabriel Ara\'ujo e Silva Ferraz; Rafael Alexandre Pena Barata; Daniel Veiga Soares; Sabrina Aparecida Teodoro; Pedro Henrique de Oliveira Estima,2023.0,Anais da Academia Brasileira de Ciências,article,,10.1590/0001-3765202320210524,,Crossref,1.0,Q-Learning,,,Tracking,,,,,,,,,,,,,,,,,,,,,Bento2023,,,,,,,,No leído,2025-10-45,,,Swarm_Drones_DOI,,,,,,,,,,,,,
PAPER_039,Real-Time Search and Rescue using Remotely Piloted Aircraft System with Frame Dropping,Rohan Sharma; Micha\lAibin,2023.0,"2023 International Conference on Computing, Networking and Communications (ICNC)",article,,10.1109/icnc57223.2023.10074217,,Crossref,2.0,Q-Learning,,,Search and Rescue; Tracking,,,,,,,,,,,,,,,,,,,,,Sharma2023,,,,,,,,No leído,2025-10-46,,,Swarm_Drones_DOI,,,,,,,,,,,,,
PAPER_040,A comprehensive review on the users' identity privacy for 5G networks,Mamoon M Saeed; Mamoon M Saeed; Mohammad Kamarul Hasan; Mohammad Kamrul Hasan; Mohammad Kamrul Hasan; Ahmed J Obaid; Ahmed J Obaid; Rashid A Saeed; Rashid A Saeed; Rania A Mokhtar; Rania A Mokhtar; Elmustafa Sayed Ali Ahmed; Elmustafa Sayed Ali; Elmustafa Sayed Ali; Md Akhtaruzzaman; Md. Akhtaruzzaman; Sanaz Amanlou; Sanaz Amanlou; A K M Zakir Hossain; A K M Zakir Hossain,2022.0,IET Communications,article,,10.1049/cmu2.12327,https://doi.org/10.1049/cmu2.12327,Crossref,40.0,Q-Learning,,,Coverage; Tracking,,,,,,,,,,,,,,,,,,,,,Saeed2022a,,"AbstractFifth Generation (5G) is the final generation in mobile communications, with minimum latency, high data throughput, and extra coverage. The 5G network must guarantee very good security and privacy levels for all users for these features. Therefore, researchers have deliberated the privacy and security solution of 5G users. The 5G wireless network offers a futuristic concept that helps to solve challenges affecting previous communications generations. The key concern to many scholars in t...",,,,,,No leído,2025-10-47,,,Swarm_Drones_DOI,,,,,,,,,,,,,
PAPER_041,Predictors and protective factors for suicide ideation across remotely piloted aircraft career fields,Kinsey B Bryant-Lees; Kinsey B Bryant-Lees; Rachael N Martinez; Rachael N Mart\'inez; Rachael N Martinez; Anna Frise; Anna Frise; Craig J Bryan; Craig J Bryan; Craig J Bryan; Tanya Goodman; Tanya Goodman; Wayne Chappelle; Wayne Chappelle; W T Thompson; William Thompson; William W Thompson,2021.0,Military Psychology,article,,10.1080/08995605.2021.1902181,https://pubmed.ncbi.nlm.nih.gov/38536283,Crossref,2.0,Q-Learning,,,Tracking,,,,,,,,,,,,,,,,,,,,,Bryant-Lees2021,,"The US Air Force remote warrior community comprises several career fields including remotely piloted aircraft pilots and intelligence, cyber, and sensor operators. The crews are responsible for wor...",,,,,,No leído,2025-10-48,,,Swarm_Drones_DOI,,,,,,,,,,,,,
PAPER_042,UAV-Enabled Intelligent Transportation Systems for the Smart City: Applications and Challenges,"Hamid Menouar; Hamid Menouar; İsmail G\""uven\cc; Ismail Guvenc; Kemal Akkaya; Kemal Akkaya; A Selcuk Uluagac; A Selcuk Uluagac; Abdullah Kadri; Abdullah Kadri; Adem Tuncer; Adem Tuncer",2017.0,IEEE Communications Magazine,article,,10.1109/mcom.2017.1600238cm,https://doi.org/10.1109/mcom.2017.1600238cm,Crossref,785.0,Formation,,,Agriculture,,,,,,,,,,,,,,,,,,,,,Menouar2017,,"There could be no smart city without a reliable and efficient transportation system. This necessity makes the ITS a key component of any smart city concept. While legacy ITS technologies are deployed worldwide in smart cities, enabling the next generation of ITS relies on effective integration of connected and autonomous vehicles, the two technologies that are under wide field testing in many cities around the world. Even though these two emerging technologies are crucial in enabling fully autom...",,,,,,No leído,2025-10-49,,,Swarm_Drones_DOI,,,,,,,,,,,,,
PAPER_043,On Safety Assurance of Symbolic Artificial Intelligence,M Guzman; R Bouchekir; A Cook; J Haindl,2024.0,"2024 IEEE 24th International Conference on Software Quality, Reliability, and Security Companion (QRS-C)",article,,10.1109/qrs-c63300.2024.00026,https://doi.org/10.1109/qrs-c63300.2024.00026,Crossref,0.0,Q-Learning,,,Tracking,,,,,,,,,,,,,,,,,,,,,Guzman2024,,"Artificial Intelligence (AI) has gained popularity in recent years. Symbolic Artificial Intelligence (symbolic AI), a subset of AI, holds significant promise, particularly in avionics software, offering potential enhancements to various aspects of its functionality, such as automatic decision inference or gen-erating optimal decisions. Despite its benefits, the integration of symbolic AI into avionics software introduces distinctive challenges, particularly in ensuring the safety and reliability...",,,,,,No leído,2025-10-50,,,Swarm_Drones_DOI,,,,,,,,,,,,,
,,,,,,,,,,,,,,,,,,,,,,,,,,,,,,,,,,,,,,,,,,,,,,,Swarm_Drones_DOI_ESTADISTICAS,,,,,,,,,,,,,
,,,,,,,,,,,,,,,,,,,,,,,,,,,,,,,,,,,,,,,,,,,,,,,Swarm_Drones_DOI_ESTADISTICAS,Total de Papers:,=COUNTA(TODOS_PAPERS!A:A)-1,,,,,,,,,,,
,,,,,,,,,,,,,,,,,,,,,,,,,,,,,,,,,,,,,,,,,,,,,,,Swarm_Drones_DOI_ESTADISTICAS,Papers Analizados:,"=COUNTIF(TODOS_PAPERS!AR:AR,""Analizado"")",,,,,,,,,,,
,,,,,,,,,,,,,,,,,,,,,,,,,,,,,,,,,,,,,,,,,,,,,,,Swarm_Drones_DOI_ESTADISTICAS,Papers Pendientes:,"=COUNTIF(TODOS_PAPERS!AR:AR,""No leído"")+COUNTIF(TODOS_PAPERS!AR:AR,""Abstract leído"")",,,,,,,,,,,
,,,,,,,,,,,,,,,,,,,,,,,,,,,,,,,,,,,,,,,,,,,,,,,Swarm_Drones_DOI_ESTADISTICAS,% Progreso:,"=IF(B3=0,0,B4/B3*100)",,,,,,,,,,,
,,,,,,,,,,,,,,,,,,,,,,,,,,,,,,,,,,,,,,,,,,,,,,,Swarm_Drones_DOI_ESTADISTICAS,,,,,,,,,,,,,
,,,,,,,,,,,,,,,,,,,,,,,,,,,,,,,,,,,,,,,,,,,,,,,Swarm_Drones_DOI_ESTADISTICAS,DISTRIBUCIÓN POR ALGORITMO,,,,,,,,,,,,
,,,,,,,,,,,,,,,,,,,,,,,,,,,,,,,,,,,,,,,,,,,,,,,Swarm_Drones_DOI_ESTADISTICAS,PSO:,"=COUNTIF(TODOS_PAPERS!L:L,""PSO"")",,,,,,,,,,,
,,,,,,,,,,,,,,,,,,,,,,,,,,,,,,,,,,,,,,,,,,,,,,,Swarm_Drones_DOI_ESTADISTICAS,ACO:,"=COUNTIF(TODOS_PAPERS!L:L,""ACO"")",,,,,,,,,,,
,,,,,,,,,,,,,,,,,,,,,,,,,,,,,,,,,,,,,,,,,,,,,,,Swarm_Drones_DOI_ESTADISTICAS,ABC:,"=COUNTIF(TODOS_PAPERS!L:L,""ABC"")",,,,,,,,,,,
,,,,,,,,,,,,,,,,,,,,,,,,,,,,,,,,,,,,,,,,,,,,,,,Swarm_Drones_DOI_ESTADISTICAS,Hybrid:,"=COUNTIF(TODOS_PAPERS!L:L,""Hybrid"")",,,,,,,,,,,
,,,,,,,,,,,,,,,,,,,,,,,,,,,,,,,,,,,,,,,,,,,,,,,Swarm_Drones_DOI_ESTADISTICAS,,,,,,,,,,,,,
,,,,,,,,,,,,,,,,,,,,,,,,,,,,,,,,,,,,,,,,,,,,,,,Swarm_Drones_DOI_ESTADISTICAS,DISTRIBUCIÓN POR APLICACIÓN,,,,,,,,,,,,
,,,,,,,,,,,,,,,,,,,,,,,,,,,,,,,,,,,,,,,,,,,,,,,Swarm_Drones_DOI_ESTADISTICAS,Agricultura:,"=COUNTIF(TODOS_PAPERS!O:O,""Agricultura Precisión"")",,,,,,,,,,,
,,,,,,,,,,,,,,,,,,,,,,,,,,,,,,,,,,,,,,,,,,,,,,,Swarm_Drones_DOI_ESTADISTICAS,Inspección Industrial:,"=COUNTIF(TODOS_PAPERS!O:O,""Inspección Industrial"")",,,,,,,,,,,
,,,,,,,,,,,,,,,,,,,,,,,,,,,,,,,,,,,,,,,,,,,,,,,Swarm_Drones_DOI_ESTADISTICAS,Vigilancia:,"=COUNTIF(TODOS_PAPERS!O:O,""Vigilancia"")",,,,,,,,,,,
,,,,,,,,,,,,,,,,,,,,,,,,,,,,,,,,,,,,,,,,,,,,,,,Swarm_Drones_DOI_ESTADISTICAS,,,,,,,,,,,,,
,,,,,,,,,,,,,,,,,,,,,,,,,,,,,,,,,,,,,,,,,,,,,,,Swarm_Drones_DOI_ESTADISTICAS,MÉTRICAS DE CALIDAD,,,,,,,,,,,,
,,,,,,,,,,,,,,,,,,,,,,,,,,,,,,,,,,,,,,,,,,,,,,,Swarm_Drones_DOI_ESTADISTICAS,Promedio Citaciones:,"=IF(COUNTA(TODOS_PAPERS!K:K)=0,0,AVERAGE(TODOS_PAPERS!K:K))",,,,,,,,,,,
,,,,,,,,,,,,,,,,,,,,,,,,,,,,,,,,,,,,,,,,,,,,,,,Swarm_Drones_DOI_ESTADISTICAS,Promedio Factor Impacto:,"=IF(COUNTA(TODOS_PAPERS!G:G)=0,0,AVERAGE(TODOS_PAPERS!G:G))",,,,,,,,,,,
,,,,,,,,,,,,,,,,,,,,,,,,,,,,,,,,,,,,,,,,,,,,,,,Swarm_Drones_DOI_ESTADISTICAS,Papers con Validación Real:,"=COUNTIF(TODOS_PAPERS!AA:AA,""Sí-*"")",,,,,,,,,,,
,,,,,,,,,,,,,,,,,,,,,,,,,,,,,,,,,,,,,,,,,,,,,,,Swarm_Drones_DOI_ESTADISTICAS,% Validación Experimental:,"=IF(B3=0,0,B22/B3*100)",,,,,,,,,,,
,,,,,,,,,,,,,,,,,,,,,,,,,,,,,,,,,,,,,,,,,,,,,,,Swarm_Drones_DOI_ESTADISTICAS,,,,,,,,,,,,,
,,,,,,,,,,,,,,,,,,,,,,,,,,,,,,,,,,,,,,,,,,,,,,,Swarm_Drones_DOI_ESTADISTICAS,DISTRIBUCIÓN POR RELEVANCIA,,,,,,,,,,,,
,,,,,,,,,,,,,,,,,,,,,,,,,,,,,,,,,,,,,,,,,,,,,,,Swarm_Drones_DOI_ESTADISTICAS,Alta:,"=COUNTIF(TODOS_PAPERS!AH:AH,""Alta"")",,,,,,,,,,,
,,,,,,,,,,,,,,,,,,,,,,,,,,,,,,,,,,,,,,,,,,,,,,,Swarm_Drones_DOI_ESTADISTICAS,Media:,"=COUNTIF(TODOS_PAPERS!AH:AH,""Media"")",,,,,,,,,,,
,,,,,,,,,,,,,,,,,,,,,,,,,,,,,,,,,,,,,,,,,,,,,,,Swarm_Drones_DOI_ESTADISTICAS,Baja:,"=COUNTIF(TODOS_PAPERS!AH:AH,""Baja"")",,,,,,,,,,,
,,,,,,,,,,,,,,,,,,,,,,,,,,,,,,,,,,,,,,,,,,,,,,,Swarm_Drones_DOI_ESTADISTICAS,,,,,,,,,,,,,
,,,,,,,,,,,,,,,,,,,,,,,,,,,,,,,,,,,,,,,,,,,,,,,Swarm_Drones_DOI_ESTADISTICAS,DISTRIBUCIÓN TEMPORAL,,,,,,,,,,,,
,,,,,,,,,,,,,,,,,,,,,,,,,,,,,,,,,,,,,,,,,,,,,,,Swarm_Drones_DOI_ESTADISTICAS,2024:,"=COUNTIF(TODOS_PAPERS!D:D,2024)",,,,,,,,,,,
,,,,,,,,,,,,,,,,,,,,,,,,,,,,,,,,,,,,,,,,,,,,,,,Swarm_Drones_DOI_ESTADISTICAS,2023:,"=COUNTIF(TODOS_PAPERS!D:D,2023)",,,,,,,,,,,
,,,,,,,,,,,,,,,,,,,,,,,,,,,,,,,,,,,,,,,,,,,,,,,Swarm_Drones_DOI_ESTADISTICAS,2022:,"=COUNTIF(TODOS_PAPERS!D:D,2022)",,,,,,,,,,,
,,,,,,,,,,,,,,,,,,,,,,,,,,,,,,,,,,,,,,,,,,,,,,,Swarm_Drones_DOI_ESTADISTICAS,2021:,"=COUNTIF(TODOS_PAPERS!D:D,2021)",,,,,,,,,,,
,,,,,,,,,,,,,,,,,,,,,,,,,,,,,,,,,,,,,,,,,,,,,,,Swarm_Drones_DOI_ESTADISTICAS,2020:,"=COUNTIF(TODOS_PAPERS!D:D,2020)",,,,,,,,,,,
,,,,,,,,,,,,,,,,,,,,,,,,,,,,,,,,,,,,,,,,,,,,,,,Swarm_Drones_DOI_ESTADISTICAS,2018-2019:,"=COUNTIF(TODOS_PAPERS!D:D,2019)+COUNTIF(TODOS_PAPERS!D:D,2018)",,,,,,,,,,,
,,,,,,,,,,,,,,,,,,,,,,,,,,,,,,,,,,,,,,,,,,,,,,,Swarm_Drones_DOI_LISTAS_VALIDACION,,,Journal,IEEE Xplore,PSO,Agricultura Precisión,2D-Estático,No,Solo Simulación,No,Alta,1-Introducción,No leído
,,,,,,,,,,,,,,,,,,,,,,,,,,,,,,,,,,,,,,,,,,,,,,,Swarm_Drones_DOI_LISTAS_VALIDACION,,,Conference,SpringerLink,ACO,Inspección Industrial,2D-Dinámico,Sí-Estáticos,Solo Experimentos,Sí-Laboratorio,Media,2-Fundamentos,Abstract leído
,,,,,,,,,,,,,,,,,,,,,,,,,,,,,,,,,,,,,,,,,,,,,,,Swarm_Drones_DOI_LISTAS_VALIDACION,,,Review,ScienceDirect,ABC,Vigilancia,3D-Estático,Sí-Dinámicos,Simulación+Experimentos,Sí-Campo,Baja,3-Metodología,Lectura completa
,,,,,,,,,,,,,,,,,,,,,,,,,,,,,,,,,,,,,,,,,,,,,,,Swarm_Drones_DOI_LISTAS_VALIDACION,,,Book Chapter,ACM Digital Library,GA,Búsqueda-Rescate,3D-Dinámico,Sí-Ambos,Revisión Teórica,Sí-Ambos,Muy Baja,4.1-Algoritmos PSO,Analizado
,,,,,,,,,,,,,,,,,,,,,,,,,,,,,,,,,,,,,,,,,,,,,,,Swarm_Drones_DOI_LISTAS_VALIDACION,,,Preprint,arXiv,Firefly,Mapeo,4D (Tiempo-Espacio),,,,,4.2-Algoritmos ACO,Descartado
,,,,,,,,,,,,,,,,,,,,,,,,,,,,,,,,,,,,,,,,,,,,,,,Swarm_Drones_DOI_LISTAS_VALIDACION,,,,Google Scholar,Bat,Logística,,,,,,4.3-Algoritmos Otros,
,,,,,,,,,,,,,,,,,,,,,,,,,,,,,,,,,,,,,,,,,,,,,,,Swarm_Drones_DOI_LISTAS_VALIDACION,,,,ResearchGate,Cuckoo Search,Militar,,,,,,5-Análisis Comparativo,
,,,,,,,,,,,,,,,,,,,,,,,,,,,,,,,,,,,,,,,,,,,,,,,Swarm_Drones_DOI_LISTAS_VALIDACION,,,,Otro,Grey Wolf,Otro,,,,,,6.1-Agricultura,
,,,,,,,,,,,,,,,,,,,,,,,,,,,,,,,,,,,,,,,,,,,,,,,Swarm_Drones_DOI_LISTAS_VALIDACION,,,,,Whale Optimization,,,,,,,6.2-Inspección,
,,,,,,,,,,,,,,,,,,,,,,,,,,,,,,,,,,,,,,,,,,,,,,,Swarm_Drones_DOI_LISTAS_VALIDACION,,,,,Hybrid,,,,,,,7-Desafíos,
,,,,,,,,,,,,,,,,,,,,,,,,,,,,,,,,,,,,,,,,,,,,,,,Swarm_Drones_DOI_LISTAS_VALIDACION,,,,,Otro,,,,,,,8-Futuro,
,,,,,,,,,,,,,,,,,,,,,,,,,,,,,,,,,,,,,,,,,,,,,,,Swarm_Drones_DOI_LISTAS_VALIDACION,,,,,,,,,,,,9-Conclusión,
,,,,,,,,,,,,,,,,,,,,,,,,,,,,,,,,,,,,,,,,,,,,,,,Swarm_Drones_DOI_LISTAS_VALIDACION,,,,,,,,,,,,Multiple,
,,,,,,,,,,,,,,,,,,,,,,,,,,,,,,,,,,,,,,,,,,,,,,,Swarm_Drones_DOI_LISTAS_VALIDACION,,,,,,,,,,,,No citar,
